player_id,season,saves,goals_conceded,clean_sheets,penalty_saves,punches
player_c6eebb451f6f,2021-2022,61,14,5,1,4
player_36fd83ee5791,2021-2022,41,16,3,0,12
player_86492dee1e6f,2021-2022,38,17,5,1,5
player_c20411752f34,2021-2022,29,8,1,0,2
player_d7796b426771,2021-2022,28,20,0,0,1
player_f9e6c206e685,2021-2022,26,10,3,0,2
player_780e05d22aa1,2021-2022,21,13,1,0,1
player_1597cbbcbce5,2021-2022,20,17,0,0,0
player_3dc8b54e9504,2021-2022,19,9,1,0,0
player_ae749284d13f,2021-2022,19,8,0,1,3
player_705dd27cd1bd,2021-2022,18,11,2,0,2
player_eff768079d11,2021-2022,18,9,0,0,0
player_45b3aad9d77e,2021-2022,18,8,1,0,2
player_bc120503eea2,2021-2022,18,6,2,1,9
player_424e67293a47,2021-2022,17,13,2,0,8
player_a248d357f4d7,2021-2022,16,14,1,0,3
player_46a5916b7332,2021-2022,16,9,3,0,2
player_783eaeb24b49,2021-2022,15,14,4,0,3
player_c39471220d1b,2021-2022,14,14,4,0,1
player_03bc3384bc6e,2021-2022,14,11,2,1,1
player_9d52e31c81f7,2021-2022,14,10,3,0,3
player_9f85c8f2f3af,2021-2022,14,7,0,1,1
player_5b0c6b0eeeda,2021-2022,14,6,4,0,1
player_ce076e8d8d1a,2021-2022,14,5,2,0,1
player_78438dd618b4,2021-2022,13,11,0,0,4
player_0823999b8498,2021-2022,13,6,2,0,2
player_89a37127a9fb,2021-2022,13,6,0,0,1
player_325f7e86ec8b,2021-2022,13,4,3,0,1
player_b02407ed84a3,2021-2022,12,7,3,0,5
player_d86830950f8c,2021-2022,12,6,1,0,10
player_0cdbe862d77e,2021-2022,12,6,0,0,1
player_f818b64794aa,2021-2022,11,14,0,0,0
player_b6455687e84d,2021-2022,11,5,0,0,3
player_8bd45e8a3c29,2021-2022,9,7,5,0,2
player_d8bc6bebff9d,2021-2022,9,6,0,0,1
player_0880589766cd,2021-2022,8,2,1,0,2
player_5ca8a21b2386,2021-2022,6,3,0,0,1
player_2a0f96f63149,2021-2022,5,4,0,0,0
player_84b0e5e5e3b2,2021-2022,5,2,2,0,4
player_68412608a5c7,2021-2022,5,2,0,0,0
player_de6de787509c,2021-2022,4,4,0,0,0
player_3080e56fd055,2021-2022,4,3,0,0,0
player_bc742871cfe9,2021-2022,4,2,0,0,0
player_6e176fc936ce,2021-2022,4,1,0,0,2
player_4078e15fa803,2021-2022,4,0,1,0,2
player_181cf92c4867,2021-2022,3,4,0,0,0
player_cf9e7ac87e8a,2021-2022,3,2,0,0,1
player_853550e6a1e8,2021-2022,3,1,0,0,1
player_505c195874ae,2021-2022,3,0,1,0,0
player_de8c4a3d7c51,2021-2022,2,2,0,0,0
player_1ec90149c378,2021-2022,2,0,1,0,0
player_06ad5c70dce1,2021-2022,1,1,0,0,0
player_b42b26a4fe27,2021-2022,1,0,1,0,0
player_02c696ba6e35,2025-2026,27,5,0,0,3
player_410bd572dd32,2025-2026,23,15,0,1,1
player_32ffcf9b4afc,2025-2026,21,8,1,0,6
player_43ea3d808afd,2025-2026,17,9,1,0,4
player_8f30574fdf94,2025-2026,17,9,0,0,1
player_a8ac70db7b9d,2025-2026,17,2,2,0,3
player_654cd720056e,2025-2026,16,8,1,1,2
player_8bf2118b08ef,2025-2026,15,0,4,0,4
player_bda8fee9ca0a,2025-2026,14,11,1,0,2
player_b875298c4692,2025-2026,14,6,0,0,4
player_3765f93901da,2025-2026,14,5,1,0,5
player_9c569aa0a194,2025-2026,14,2,0,1,1
player_c4ea01ac57d9,2025-2026,13,4,2,0,1
player_903ef530be42,2025-2026,13,4,1,0,1
player_8456bbf8bb2b,2025-2026,12,10,0,1,3
player_7f446e4b8ab7,2025-2026,12,9,0,0,1
player_2b870e5ae173,2025-2026,12,6,1,0,1
player_c3832886a57c,2025-2026,12,2,1,0,2
player_ea34f698d8e5,2025-2026,11,5,1,1,2
player_fae787f35f26,2025-2026,11,3,0,0,1
player_0a0e827db6f9,2025-2026,11,0,2,0,0
player_f87bbb7887e8,2025-2026,10,9,0,0,2
player_b0c301d264ac,2025-2026,10,6,1,0,0
player_f9cd3d202d3e,2025-2026,10,5,1,1,3
player_743d0d498459,2025-2026,9,4,0,1,0
player_84973003fa3c,2025-2026,9,3,1,0,6
player_3d095036d86a,2025-2026,8,10,0,0,1
player_8e312787757e,2025-2026,8,7,0,0,2
player_f005172b8579,2025-2026,8,6,2,0,2
player_879c46e5e0ee,2025-2026,8,4,0,0,1
player_7a35ca1caaaf,2025-2026,7,3,0,0,0
player_86b1daadbfeb,2025-2026,6,5,0,0,0
player_b339b52348fc,2025-2026,6,2,0,0,2
player_c39471220d1b,2025-2026,5,4,1,0,1
player_80e6e341d132,2025-2026,5,1,3,0,1
player_b1fe0b2cbad8,2025-2026,4,6,0,0,1
player_b43877c38f29,2025-2026,4,0,4,0,4
player_3aac9e64c5bc,2025-2026,3,3,1,0,3
player_370d1110fcd1,2025-2026,3,1,1,0,1
player_783eaeb24b49,2025-2026,3,1,1,0,0
player_dd1533a90234,2025-2026,3,1,0,0,2
player_b9f19e2ee3fa,2025-2026,3,1,0,0,0
player_a51c4ac6a8af,2025-2026,2,3,0,0,0
player_563c524deb87,2025-2026,2,1,0,0,1
player_425f278760cc,2025-2026,2,1,0,0,0
player_81d6b862b661,2025-2026,1,5,2,0,0
player_abceaedecb7b,2025-2026,1,3,0,0,0
player_0ba8653244e1,2025-2026,1,2,0,0,0
player_b3e578206caa,2025-2026,1,0,2,0,1
player_3c3c583c0806,2025-2026,1,0,1,0,0
player_8dffd61e037b,2025-2026,1,0,1,0,0
player_478dc0e94eb8,2025-2026,0,0,4,0,0
player_7b38e9b90548,2025-2026,0,0,4,0,0
player_989e9d1056b1,2025-2026,0,0,4,0,0
player_3e04d16f5b4d,2025-2026,0,0,4,0,0
player_32139f18271f,2025-2026,0,0,4,0,0
player_891b0dab8bd8,2025-2026,0,0,4,0,0
player_03805045a921,2025-2026,0,0,4,0,0
player_c4b2cb476bba,2025-2026,0,0,4,0,0
player_d49d37f055af,2025-2026,0,0,4,0,0
player_aa577ff36263,2025-2026,0,0,4,0,0
player_22a20e673373,2025-2026,0,0,4,0,0
player_eb7cb17f1598,2025-2026,0,0,4,0,0
player_c1ccdd1c4cce,2025-2026,0,0,4,0,0
player_728fc9342c98,2025-2026,0,0,4,0,0
player_43462f42c853,2025-2026,0,0,4,0,0
player_cd428d977792,2025-2026,0,0,4,0,0
player_feee7265221f,2025-2026,0,0,4,0,0
player_a00245b99ab3,2025-2026,0,0,4,0,0
player_97f076f58877,2025-2026,0,0,4,0,0
player_df4f9eda9c89,2025-2026,0,0,4,0,0
player_6409449e77e2,2025-2026,0,0,4,0,0
player_5b6601553ff9,2025-2026,0,0,4,0,0
player_718cd6a6eb30,2025-2026,0,0,4,0,0
player_510a6558e27c,2025-2026,0,0,4,0,0
player_01b947dd8a63,2025-2026,0,0,4,0,0
player_409edc8a382a,2025-2026,0,0,4,0,0
player_7f1fe292fe92,2025-2026,0,0,3,0,0
player_c3eecd60b6d0,2025-2026,0,0,3,0,0
player_d1b0f1a319ed,2025-2026,0,0,3,0,0
player_0d2c070ab059,2025-2026,0,0,3,0,0
player_7b30f5c90092,2025-2026,0,0,3,0,0
player_64fd3759995d,2025-2026,0,0,3,0,0
player_d891debcb4c5,2025-2026,0,0,3,0,0
player_eb81edcdfff5,2025-2026,0,0,3,0,0
player_683a37baa975,2025-2026,0,0,3,0,0
player_3407a408511d,2025-2026,0,0,3,0,0
player_fdbb97483129,2025-2026,0,0,3,0,0
player_4296d3efdf4a,2025-2026,0,0,3,0,0
player_ef84bab37b31,2025-2026,0,0,3,0,0
player_cba5cf13920b,2025-2026,0,0,3,0,0
player_647431b5ca55,2025-2026,0,0,3,0,0
player_9c182b74a141,2025-2026,0,0,3,0,0
player_ab31b939d596,2025-2026,0,0,3,0,0
player_5e66eaeef5d2,2025-2026,0,0,3,0,0
player_afaf692bfe68,2025-2026,0,0,3,0,0
player_51db9342375a,2025-2026,0,0,3,0,0
player_e3fdd5cfde76,2025-2026,0,0,3,0,0
player_2edbd6eb2bb2,2025-2026,0,0,3,0,0
player_f9407dc07aae,2025-2026,0,0,3,0,0
player_f0623195668d,2025-2026,0,0,3,0,0
player_d5a5ae3a791c,2025-2026,0,0,3,0,0
player_3c831b876181,2025-2026,0,0,3,0,0
player_049e9db7dfd8,2025-2026,0,0,3,0,0
player_9ae39616f4af,2025-2026,0,0,3,0,0
player_b6e867e1941b,2025-2026,0,0,3,0,0
player_81c856596937,2025-2026,0,0,3,0,0
player_9272cbb9e792,2025-2026,0,0,3,0,0
player_278a94fec91d,2025-2026,0,0,3,0,0
player_f4ae6291d9fb,2025-2026,0,0,3,0,0
player_eb339db9cbfb,2025-2026,0,0,3,0,0
player_c7e7463df10c,2025-2026,0,0,3,0,0
player_04847a03f721,2025-2026,0,0,3,0,0
player_1070e1455da5,2025-2026,0,0,3,0,0
player_88f8b44a406d,2025-2026,0,0,3,0,0
player_7544f4cb2666,2025-2026,0,0,3,0,0
player_fe34e4da279e,2025-2026,0,0,3,0,0
player_d690816f3171,2025-2026,0,0,3,0,0
player_09449b36f252,2025-2026,0,0,3,0,0
player_88009c21e878,2025-2026,0,0,3,0,0
player_699dd713aade,2025-2026,0,0,3,0,0
player_f94df3a7f1ee,2025-2026,0,0,3,0,0
player_82c1ec6b26f0,2025-2026,0,0,3,0,0
player_9eac63c9ae77,2025-2026,0,0,3,0,0
player_f8cd12a1012b,2025-2026,0,0,3,0,0
player_88d18056f90d,2025-2026,0,0,3,0,0
player_4dd335579a4f,2025-2026,0,0,3,0,0
player_e3d0f3b9a582,2025-2026,0,0,3,0,0
player_372ab6f8e02b,2025-2026,0,0,3,0,0
player_2454abfbc885,2025-2026,0,0,3,0,0
player_c3a3dfd93c7a,2025-2026,0,0,3,0,0
player_ac7a0857b92d,2025-2026,0,0,3,0,0
player_b6ae75b87913,2025-2026,0,0,3,0,0
player_5de80c4bea06,2025-2026,0,0,3,0,0
player_5ec239f75497,2025-2026,0,0,3,0,0
player_3f54adc4a941,2025-2026,0,0,3,0,0
player_57c772d84bc3,2025-2026,0,0,3,0,0
player_57c3934fbd2c,2025-2026,0,0,3,0,0
player_b2eefa877575,2025-2026,0,0,3,0,0
player_90509521e31e,2025-2026,0,0,3,0,0
player_38b848671a92,2025-2026,0,0,3,0,0
player_df162c830023,2025-2026,0,0,3,0,0
player_a218b248bdb4,2025-2026,0,0,3,0,0
player_87a5a9f5fc93,2025-2026,0,0,3,0,0
player_b49993deb563,2025-2026,0,0,3,0,0
player_9322d5a0d585,2025-2026,0,0,3,0,0
player_a04c8dcbfb2b,2025-2026,0,0,3,0,0
player_2bbcad916c25,2025-2026,0,0,3,0,0
player_36a4e89e3c21,2025-2026,0,0,3,0,0
player_c19872019289,2025-2026,0,0,3,0,0
player_f070f8e348b8,2025-2026,0,0,3,0,0
player_e80e8e281750,2025-2026,0,0,3,0,0
player_3140c00bcbe7,2025-2026,0,0,3,0,0
player_5d978bac3469,2025-2026,0,0,3,0,0
player_6bccf2735ebc,2025-2026,0,0,2,0,0
player_e70a884b8b5c,2025-2026,0,0,2,0,0
player_16603586f1ea,2025-2026,0,0,2,0,0
player_0d0f8a3128d8,2025-2026,0,0,2,0,0
player_f391b7b32a1b,2025-2026,0,0,2,0,0
player_77efcb16f455,2025-2026,0,0,2,0,0
player_55c5336c0bf7,2025-2026,0,0,2,0,0
player_67ebeea09f7d,2025-2026,0,0,2,0,0
player_7cf8e7cc675c,2025-2026,0,0,2,0,0
player_d56489e7bc8d,2025-2026,0,0,2,0,0
player_d5accc1d44f6,2025-2026,0,0,2,0,0
player_152112ff5ea0,2025-2026,0,0,2,0,0
player_6b014fcbbf63,2025-2026,0,0,2,0,0
player_cae0f573b8b4,2025-2026,0,0,2,0,0
player_1b233f0428cc,2025-2026,0,0,2,0,0
player_6cc087d98460,2025-2026,0,0,2,0,0
player_b4a007339395,2025-2026,0,0,2,0,0
player_31aa310aafe1,2025-2026,0,0,2,0,0
player_6238df79b861,2025-2026,0,0,2,0,0
player_8ee16c178925,2025-2026,0,0,2,0,0
player_e055476a2c64,2025-2026,0,0,2,0,0
player_ec29ab88ae62,2025-2026,0,0,2,0,0
player_a21969edec74,2025-2026,0,0,2,0,0
player_00397b7dc25a,2025-2026,0,0,2,0,0
player_a64fb0969d24,2025-2026,0,0,2,0,0
player_d62634d2f447,2025-2026,0,0,2,0,0
player_6931a7152678,2025-2026,0,0,2,0,0
player_6a9e2f3aff86,2025-2026,0,0,2,0,0
player_b11331d127bd,2025-2026,0,0,2,0,0
player_880d12955f99,2025-2026,0,0,2,0,0
player_fb94a6be3563,2025-2026,0,0,2,0,0
player_57fa75a0cdfc,2025-2026,0,0,2,0,0
player_65088f1ff54f,2025-2026,0,0,2,0,0
player_22a21fc29b6d,2025-2026,0,0,2,0,0
player_7d3e6e8921af,2025-2026,0,0,2,0,0
player_be4874713da2,2025-2026,0,0,2,0,0
player_c0429ed2591b,2025-2026,0,0,2,0,0
player_62aaf8724952,2025-2026,0,0,2,0,0
player_ffdbda481ba1,2025-2026,0,0,2,0,0
player_2c4bc4bbc866,2025-2026,0,0,2,0,0
player_60fb725e6f41,2025-2026,0,0,2,0,0
player_ca5deb5b7a74,2025-2026,0,0,2,0,0
player_2e05024589d2,2025-2026,0,0,2,0,0
player_7ddea133c373,2025-2026,0,0,2,0,0
player_9fb947b00475,2025-2026,0,0,2,0,0
player_197b26ddb02f,2025-2026,0,0,2,0,0
player_d5ca38b3a6c2,2025-2026,0,0,2,0,0
player_9f9d744d76a1,2025-2026,0,0,2,0,0
player_49c2339760f7,2025-2026,0,0,2,0,0
player_f758bfcceb92,2025-2026,0,0,2,0,0
player_f17f43141477,2025-2026,0,0,2,0,0
player_776c6991eb94,2025-2026,0,0,2,0,0
player_e29d5203510a,2025-2026,0,0,2,0,0
player_377d96a466f8,2025-2026,0,0,2,0,0
player_83b1465db931,2025-2026,0,0,2,0,0
player_e7ab5bb9641e,2025-2026,0,0,2,0,0
player_f242caf039ff,2025-2026,0,0,2,0,0
player_f248b696a79f,2025-2026,0,0,2,0,0
player_b15776494c31,2025-2026,0,0,2,0,0
player_8664911306cb,2025-2026,0,0,2,0,0
player_6d6e485a2b02,2025-2026,0,0,2,0,0
player_8764c335b0a0,2025-2026,0,0,2,0,0
player_e6fc2b934f4b,2025-2026,0,0,2,0,0
player_14e4e631fb2c,2025-2026,0,0,2,0,0
player_e79079d0397d,2025-2026,0,0,2,0,0
player_9d5e3ecdeb4c,2025-2026,0,0,2,0,0
player_c9292ce170f3,2025-2026,0,0,2,0,0
player_e8b4ab1dba02,2025-2026,0,0,2,0,0
player_e7254879888f,2025-2026,0,0,2,0,0
player_e5cecdcca45b,2025-2026,0,0,2,0,0
player_30722069a91b,2025-2026,0,0,2,0,0
player_503fa3246fc6,2025-2026,0,0,2,0,0
player_92066ccff864,2025-2026,0,0,2,0,0
player_92c36fee2096,2025-2026,0,0,2,0,0
player_79853f9eeb48,2025-2026,0,0,2,0,0
player_3d9b09492a7c,2025-2026,0,0,2,0,0
player_b15c262e4c7e,2025-2026,0,0,2,0,0
player_923c337ba7a8,2025-2026,0,0,2,0,0
player_1c3d6bf773d2,2025-2026,0,0,2,0,0
player_c74fa87c3638,2025-2026,0,0,2,0,0
player_0b2bcd11583b,2025-2026,0,0,2,0,0
player_62463dc3d50a,2025-2026,0,0,2,0,0
player_c4bf972b70eb,2025-2026,0,0,2,0,0
player_c48739e781f2,2025-2026,0,0,2,0,0
player_004ab6d016c6,2025-2026,0,0,2,0,0
player_fb4099f54a7b,2025-2026,0,0,2,0,0
player_be099bd1bc54,2025-2026,0,0,2,0,0
player_02702f3a40dd,2025-2026,0,0,2,0,0
player_14e4dc777fc9,2025-2026,0,0,2,0,0
player_bb382a42167f,2025-2026,0,0,2,0,0
player_592ec2502fb2,2025-2026,0,0,2,0,0
player_514744d00cf0,2025-2026,0,0,2,0,0
player_2447a5dca10e,2025-2026,0,0,2,0,0
player_24a29119134f,2025-2026,0,0,2,0,0
player_24e5a1ce2cc9,2025-2026,0,0,2,0,0
player_a96e7c5895a0,2025-2026,0,0,2,0,0
player_b0a57f780662,2025-2026,0,0,2,0,0
player_fe8ae1417055,2025-2026,0,0,2,0,0
player_61b64f5179fc,2025-2026,0,0,2,0,0
player_b73717357625,2025-2026,0,0,2,0,0
player_08a1e6a69c66,2025-2026,0,0,2,0,0
player_74a0a808dc50,2025-2026,0,0,2,0,0
player_8fa2e3ddfe8d,2025-2026,0,0,2,0,0
player_a44566da36ad,2025-2026,0,0,2,0,0
player_e263d35a3862,2025-2026,0,0,2,0,0
player_f64679a0029f,2025-2026,0,0,2,0,0
player_2dfb0b34c4fb,2025-2026,0,0,2,0,0
player_79ebe1f3ff2b,2025-2026,0,0,2,0,0
player_9b87fea1dc5b,2025-2026,0,0,2,0,0
player_f4274f72c6ed,2025-2026,0,0,2,0,0
player_aa4ac908f1e2,2025-2026,0,0,2,0,0
player_d1d554304cf4,2025-2026,0,0,2,0,0
player_593299b30ae0,2025-2026,0,0,2,0,0
player_513ed896f1ea,2025-2026,0,0,2,0,0
player_69d4d50d86af,2025-2026,0,0,2,0,0
player_d511d01145fa,2025-2026,0,0,2,0,0
player_7a5f93c6083f,2025-2026,0,0,2,0,0
player_9801a71c66f4,2025-2026,0,0,2,0,0
player_e3e8d0566205,2025-2026,0,0,2,0,0
player_db3e248ac4cc,2025-2026,0,0,2,0,0
player_9b62d9b38fbf,2025-2026,0,0,2,0,0
player_6274434504db,2025-2026,0,0,2,0,0
player_0c92f12a89d7,2025-2026,0,0,2,0,0
player_de28339a6717,2025-2026,0,0,2,0,0
player_b87f9f401c32,2025-2026,0,0,2,0,0
player_0c50e7983166,2025-2026,0,0,2,0,0
player_8816fab38e5d,2025-2026,0,0,2,0,0
player_f7edddd4ffb1,2025-2026,0,0,2,0,0
player_2efb46bed4b7,2025-2026,0,0,2,0,0
player_2a35e3cabdbc,2025-2026,0,0,2,0,0
player_19e4a5566daa,2025-2026,0,0,2,0,0
player_9f3c08d8b13e,2025-2026,0,0,2,0,0
player_7209e338e67f,2025-2026,0,0,2,0,0
player_5d51ac6002bb,2025-2026,0,0,2,0,0
player_fa913b26f8bb,2025-2026,0,0,2,0,0
player_ece9d25a0ca6,2025-2026,0,0,2,0,0
player_053afce6ba98,2025-2026,0,0,2,0,0
player_c58128c7773c,2025-2026,0,0,2,0,0
player_0ebff836c820,2025-2026,0,0,2,0,0
player_f089b4c9cba7,2025-2026,0,0,2,0,0
player_c8f64e7b0967,2025-2026,0,0,2,0,0
player_1e17f07dd9e9,2025-2026,0,0,2,0,0
player_20816405720b,2025-2026,0,0,1,0,0
player_37f71b355479,2025-2026,0,0,1,0,0
player_f9094c666102,2025-2026,0,0,1,0,0
player_3d17376fda10,2025-2026,0,0,1,0,0
player_9cbdac0a339a,2025-2026,0,0,1,0,0
player_5412a2fe7705,2025-2026,0,0,1,0,0
player_902e3ffe40f2,2025-2026,0,0,1,0,0
player_af2954167c3a,2025-2026,0,0,1,0,0
player_f68cf23bbd7d,2025-2026,0,0,1,0,0
player_68fbd143026c,2025-2026,0,0,1,0,0
player_a7b9caeae14e,2025-2026,0,0,1,0,0
player_506bb40553d7,2025-2026,0,0,1,0,0
player_de2475d8bb7c,2025-2026,0,0,1,0,0
player_eeae9dbd1aa6,2025-2026,0,0,1,0,0
player_e6c2b0dea64e,2025-2026,0,0,1,0,0
player_022e50b6ce95,2025-2026,0,0,1,0,0
player_aef8100d4845,2025-2026,0,0,1,0,0
player_8451c34aa6ff,2025-2026,0,0,1,0,0
player_acbc99cec6be,2025-2026,0,0,1,0,0
player_e4a05610152b,2025-2026,0,0,1,0,0
player_f81ed5be9223,2025-2026,0,0,1,0,0
player_aeda956fc274,2025-2026,0,0,1,0,0
player_f0a0be3f9aa7,2025-2026,0,0,1,0,0
player_42ea8ad4ef47,2025-2026,0,0,1,0,0
player_c352f77c485f,2025-2026,0,0,1,0,0
player_836712a9097a,2025-2026,0,0,1,0,0
player_a41408f863b0,2025-2026,0,0,1,0,0
player_4e2f58deb2b8,2025-2026,0,0,1,0,0
player_5c5590e9a58d,2025-2026,0,0,1,0,0
player_508a4029b60f,2025-2026,0,0,1,0,0
player_432b7ac355a8,2025-2026,0,0,1,0,0
player_c614f69307e2,2025-2026,0,0,1,0,0
player_529db1f8cca5,2025-2026,0,0,1,0,0
player_35902f6544f4,2025-2026,0,0,1,0,0
player_042b8f6f1523,2025-2026,0,0,1,0,0
player_5a0e527424c8,2025-2026,0,0,1,0,0
player_dec6a43f91eb,2025-2026,0,0,1,0,0
player_02dc5785b8e9,2025-2026,0,0,1,0,0
player_d2626d98ab4a,2025-2026,0,0,1,0,0
player_8e71804d6d1e,2025-2026,0,0,1,0,0
player_43b7d71496c3,2025-2026,0,0,1,0,0
player_84989f2d11a7,2025-2026,0,0,1,0,0
player_b024621e958d,2025-2026,0,0,1,0,0
player_ed6aaa4ca87e,2025-2026,0,0,1,0,0
player_62ccf72976f6,2025-2026,0,0,1,0,0
player_5901c69fcd37,2025-2026,0,0,1,0,0
player_d325b431ba49,2025-2026,0,0,1,0,0
player_9d2fdd36e488,2025-2026,0,0,1,0,0
player_df8dc6794e4e,2025-2026,0,0,1,0,0
player_4c06b737b979,2025-2026,0,0,1,0,0
player_de6aafc3981e,2025-2026,0,0,1,0,0
player_166ace4fd11d,2025-2026,0,0,1,0,0
player_4d8ff79c4981,2025-2026,0,0,1,0,0
player_d2f463eaedb5,2025-2026,0,0,1,0,0
player_9ece8c004669,2025-2026,0,0,1,0,0
player_32012bdfec58,2025-2026,0,0,1,0,0
player_a3f0954182ac,2025-2026,0,0,1,0,0
player_4d1f48317509,2025-2026,0,0,1,0,0
player_79eaf55de9ab,2025-2026,0,0,1,0,0
player_1537883d3763,2025-2026,0,0,1,0,0
player_d17f64de18f8,2025-2026,0,0,1,0,0
player_e6185335cc99,2025-2026,0,0,1,0,0
player_ecacf3df08f0,2025-2026,0,0,1,0,0
player_89efadc54d48,2025-2026,0,0,1,0,0
player_b41bec53fd05,2025-2026,0,0,1,0,0
player_79610093ff58,2025-2026,0,0,1,0,0
player_31d132df1713,2025-2026,0,0,1,0,0
player_899f91b1b094,2025-2026,0,0,1,0,0
player_9da30ae907ea,2025-2026,0,0,1,0,0
player_1ff90f2b67b7,2025-2026,0,0,1,0,0
player_6f9e80673365,2025-2026,0,0,1,0,0
player_46aa293d035e,2025-2026,0,0,1,0,0
player_8627870878f5,2025-2026,0,0,1,0,0
player_274cf9250dfe,2025-2026,0,0,1,0,0
player_816c96a3296f,2025-2026,0,0,1,0,0
player_695a2b5985e0,2025-2026,0,0,1,0,0
player_2ec4da09e73a,2025-2026,0,0,1,0,0
player_813ffd06e403,2025-2026,0,0,1,0,0
player_becc11d29e47,2025-2026,0,0,1,0,0
player_3e24ccc24989,2025-2026,0,0,1,0,0
player_a488ba6da247,2025-2026,0,0,1,0,0
player_4d9edf726eac,2025-2026,0,0,1,0,0
player_d8dbed86e211,2025-2026,0,0,1,0,0
player_636280e6b55f,2025-2026,0,0,1,0,0
player_ce5ded749bd9,2025-2026,0,0,1,0,0
player_90c66fe87098,2025-2026,0,0,1,0,0
player_98f2b5fddb94,2025-2026,0,0,1,0,0
player_986a6542ac73,2025-2026,0,0,1,0,0
player_320b3a59a649,2025-2026,0,0,1,0,0
player_4bd6e69e6871,2025-2026,0,0,1,0,0
player_99dd9ca537eb,2025-2026,0,0,1,0,0
player_377f0c603ee8,2025-2026,0,0,1,0,0
player_9fea623a8193,2025-2026,0,0,1,0,0
player_447266e2306b,2025-2026,0,0,1,0,0
player_f111b551b972,2025-2026,0,0,1,0,0
player_d05f80d9ecae,2025-2026,0,0,1,0,0
player_60437227308f,2025-2026,0,0,1,0,0
player_a04737b1f3c3,2025-2026,0,0,1,0,0
player_a38290a56b29,2025-2026,0,0,1,0,0
player_4c64c0193035,2025-2026,0,0,1,0,0
player_b2d6b0368e5c,2025-2026,0,0,1,0,0
player_e683ca42c21a,2025-2026,0,0,1,0,0
player_003eebcdf7ee,2025-2026,0,0,1,0,0
player_19d5cc5e7754,2025-2026,0,0,1,0,0
player_2e0f935710dc,2025-2026,0,0,1,0,0
player_a055d3e58c07,2025-2026,0,0,1,0,0
player_2b270c992f63,2025-2026,0,0,1,0,0
player_15ee9f0a5ec3,2025-2026,0,0,1,0,0
player_3efa052bbed3,2025-2026,0,0,1,0,0
player_a21d85a2df18,2025-2026,0,0,1,0,0
player_c8dbe583981a,2025-2026,0,0,1,0,0
player_b0689095aef0,2025-2026,0,0,1,0,0
player_6d9e7b871b28,2025-2026,0,0,1,0,0
player_95daba8ab006,2025-2026,0,0,1,0,0
player_63ea2b82220d,2025-2026,0,0,1,0,0
player_1e22a9793436,2025-2026,0,0,1,0,0
player_a62e4719da77,2025-2026,0,0,1,0,0
player_eb32a9dc7bf5,2025-2026,0,0,1,0,0
player_7a5b39a3a7e1,2025-2026,0,0,1,0,0
player_f1adc4a3d850,2025-2026,0,0,1,0,0
player_d3eddb07deaf,2025-2026,0,0,1,0,0
player_b3dfa1249a3c,2025-2026,0,0,1,0,0
player_d24a9cc977d2,2025-2026,0,0,1,0,0
player_c66a5915ec86,2025-2026,0,0,1,0,0
player_cbf0898f3d26,2025-2026,0,0,1,0,0
player_fd93cd080a46,2025-2026,0,0,1,0,0
player_6313a8ccd2e4,2025-2026,0,0,1,0,0
player_5ee31c8ba2cc,2025-2026,0,0,1,0,0
player_217b7204b07f,2025-2026,0,0,1,0,0
player_105515cbe034,2025-2026,0,0,1,0,0
player_f36f9cc1e908,2025-2026,0,0,1,0,0
player_f7974783897f,2025-2026,0,0,1,0,0
player_733a98bec2ac,2025-2026,0,0,1,0,0
player_2ff5e674cf5b,2025-2026,0,0,1,0,0
player_4f3eec577141,2025-2026,0,0,1,0,0
player_eb8a15dd10ea,2025-2026,0,0,1,0,0
player_f26e3fd0f40a,2025-2026,0,0,1,0,0
player_09a8fc18f942,2025-2026,0,0,1,0,0
player_1cde35de5d0e,2025-2026,0,0,1,0,0
player_fb313d0cb61f,2025-2026,0,0,1,0,0
player_6247fc3b1848,2025-2026,0,0,1,0,0
player_c9001ef528ac,2025-2026,0,0,1,0,0
player_d70b5778b973,2025-2026,0,0,1,0,0
player_6a66c54972da,2025-2026,0,0,1,0,0
player_b243bf1b08da,2025-2026,0,0,1,0,0
player_0c2713d16a5e,2025-2026,0,0,1,0,0
player_106783eb7835,2025-2026,0,0,1,0,0
player_e0b94d4d7767,2025-2026,0,0,1,0,0
player_c146fdfa26d0,2025-2026,0,0,1,0,0
player_4d4b71d70b57,2025-2026,0,0,1,0,0
player_49e23d364906,2025-2026,0,0,1,0,0
player_e8135b0b157b,2025-2026,0,0,1,0,0
player_ec878b562dc2,2025-2026,0,0,1,0,0
player_da06433fc9cb,2025-2026,0,0,1,0,0
player_a2a0f31e35c9,2025-2026,0,0,1,0,0
player_27fe24e529ee,2025-2026,0,0,1,0,0
player_cbc6f349e081,2025-2026,0,0,1,0,0
player_90f0a841395b,2025-2026,0,0,1,0,0
player_e89b16e4fa68,2025-2026,0,0,1,0,0
player_11de5d137ad2,2025-2026,0,0,1,0,0
player_b0201335ae06,2025-2026,0,0,1,0,0
player_20078ffcf683,2025-2026,0,0,1,0,0
player_ee65947c53a5,2025-2026,0,0,1,0,0
player_48aeb40a2e59,2025-2026,0,0,1,0,0
player_5b85b3ff9d7b,2025-2026,0,0,1,0,0
player_75c8e2fae173,2025-2026,0,0,1,0,0
player_e356ce5a2cd3,2025-2026,0,0,1,0,0
player_3e9c82e39e20,2025-2026,0,0,1,0,0
player_0dbc9627189d,2025-2026,0,0,1,0,0
player_e93e18f6de9d,2025-2026,0,0,1,0,0
player_0946a9903c15,2025-2026,0,0,1,0,0
player_02944f3b18d1,2025-2026,0,0,1,0,0
player_f602fe320733,2025-2026,0,0,1,0,0
player_09bd9c0a655a,2025-2026,0,0,1,0,0
player_1303b9a08bde,2025-2026,0,0,1,0,0
player_97b90ebedb38,2025-2026,0,0,1,0,0
player_8716f8e106a8,2025-2026,0,0,1,0,0
player_e850f2d5a822,2025-2026,0,0,1,0,0
player_eb3432755ef1,2025-2026,0,0,1,0,0
player_92522eaff06a,2025-2026,0,0,1,0,0
player_30d948aba29c,2025-2026,0,0,1,0,0
player_dc0a5b1358e4,2025-2026,0,0,1,0,0
player_c6bc457ab326,2025-2026,0,0,1,0,0
player_12004b8a6c60,2025-2026,0,0,1,0,0
player_6f8f849d9de8,2025-2026,0,0,1,0,0
player_e5d2e301d475,2025-2026,0,0,1,0,0
player_301cb01998b9,2025-2026,0,0,1,0,0
player_7f72ddbb0bf6,2025-2026,0,0,1,0,0
player_25ae657ead27,2025-2026,0,0,1,0,0
player_9471bd863100,2025-2026,0,0,1,0,0
player_ef05d0a3177c,2025-2026,0,0,1,0,0
player_602d787d0e50,2025-2026,0,0,1,0,0
player_dfc12f9896be,2025-2026,0,0,1,0,0
player_f3d447624358,2025-2026,0,0,1,0,0
player_dffbcd39480b,2025-2026,0,0,1,0,0
player_12f049a8e56a,2025-2026,0,0,1,0,0
player_56c34fdab2c0,2025-2026,0,0,1,0,0
player_4fb98a432b0a,2025-2026,0,0,1,0,0
player_620fee44416c,2025-2026,0,0,1,0,0
player_023fca33041c,2025-2026,0,0,1,0,0
player_71dfb59dce21,2025-2026,0,0,1,0,0
player_e326c80c1e2b,2025-2026,0,0,1,0,0
player_a2ae241aeda7,2025-2026,0,0,1,0,0
player_501a8635ef1e,2025-2026,0,0,1,0,0
player_8535f4ac5680,2025-2026,0,0,1,0,0
player_0f027e51d59a,2025-2026,0,0,1,0,0
player_27d710284a31,2025-2026,0,0,1,0,0
player_e09e0a7ce1f1,2025-2026,0,0,1,0,0
player_d668284e9e8b,2025-2026,0,0,1,0,0
player_41f9dce758ac,2025-2026,0,0,1,0,0
player_7bd3801e1972,2025-2026,0,0,1,0,0
player_62bc04aefa94,2025-2026,0,0,1,0,0
player_0e793d0901e9,2025-2026,0,0,1,0,0
player_9cac928bd847,2025-2026,0,0,1,0,0
player_fa83f49c2738,2025-2026,0,0,1,0,0
player_ca7ee24c5752,2025-2026,0,0,1,0,0
player_a7c9537f6d19,2025-2026,0,0,1,0,0
player_62bf43e2db26,2025-2026,0,0,1,0,0
player_5da75ee4a22a,2025-2026,0,0,1,0,0
player_f6da4da042ca,2025-2026,0,0,1,0,0
player_5190dfffd04e,2025-2026,0,0,1,0,0
player_46cb40011cbb,2025-2026,0,0,1,0,0
player_556ebbfe37b7,2025-2026,0,0,1,0,0
player_1688f6585a3f,2025-2026,0,0,1,0,0
player_01031996771f,2025-2026,0,0,1,0,0
player_ced4ad326542,2025-2026,0,0,1,0,0
player_fd88d26e039f,2025-2026,0,0,1,0,0
player_788dbb4eb485,2025-2026,0,0,1,0,0
player_57e94e00322d,2025-2026,0,0,1,0,0
player_6702b9102d6a,2025-2026,0,0,1,0,0
player_be77c3d1f06e,2025-2026,0,0,1,0,0
player_7269c76bdda1,2025-2026,0,0,1,0,0
player_b278b37f2470,2025-2026,0,0,1,0,0
player_df9555fa77e9,2025-2026,0,0,1,0,0
player_147de566c9ca,2025-2026,0,0,1,0,0
player_e3db9cafa552,2025-2026,0,0,1,0,0
player_8b3cee71ae0b,2025-2026,0,0,1,0,0
player_02b078571f40,2025-2026,0,0,1,0,0
player_d0f7184cba83,2025-2026,0,0,1,0,0
player_1efd23f634ce,2025-2026,0,0,1,0,0
player_f639a81f5793,2025-2026,0,0,1,0,0
player_d73671d240a3,2025-2026,0,0,1,0,0
player_ec463f59c022,2025-2026,0,0,1,0,0
player_a4852aeeaa64,2025-2026,0,0,1,0,0
player_5c35be98496a,2025-2026,0,0,1,0,0
player_2d780aa39437,2025-2026,0,0,1,0,0
player_3895b73e44dc,2025-2026,0,0,1,0,0
player_391c348778d7,2025-2026,0,0,1,0,0
player_e992feae0008,2025-2026,0,0,1,0,0
player_b5f284825124,2025-2026,0,0,1,0,0
player_1ca918f9eda8,2025-2026,0,0,1,0,0
player_a24c576554cf,2025-2026,0,0,1,0,0
player_4c92f0374994,2025-2026,0,0,1,0,0
player_a901d682d606,2025-2026,0,0,1,0,0
player_843b6c9684bd,2025-2026,0,0,1,0,0
player_4fd5f330286d,2025-2026,0,0,1,0,0
player_075f31c9ab68,2025-2026,0,0,1,0,0
player_adeaa3a3cad6,2025-2026,0,0,1,0,0
player_d131954780f4,2025-2026,0,0,1,0,0
player_5682f782a9c7,2025-2026,0,0,1,0,0
player_7942acfcfa7d,2025-2026,0,0,1,0,0
player_4e19d5f48c12,2025-2026,0,0,1,0,0
player_85fffe836790,2025-2026,0,0,1,0,0
player_4b4bda32e06f,2025-2026,0,0,1,0,0
player_90dbd5f4e958,2025-2026,0,0,1,0,0
player_b9272c9ba3de,2025-2026,0,0,1,0,0
player_999d89d1817f,2025-2026,0,0,1,0,0
player_5c0730bf50a0,2025-2026,0,0,1,0,0
player_89f4cba68559,2025-2026,0,0,1,0,0
player_c2991453e765,2025-2026,0,0,1,0,0
player_ae845fc0c991,2025-2026,0,0,1,0,0
player_03344c0179fb,2025-2026,0,0,1,0,0
player_44c60b8eb798,2025-2026,0,0,1,0,0
player_4a944f6b20b3,2025-2026,0,0,1,0,0
player_09c537b37112,2025-2026,0,0,1,0,0
player_dd8ae2b58998,2025-2026,0,0,0,0,0
player_829d3399b17e,2025-2026,0,0,0,0,0
player_5a7b054a9b2a,2025-2026,0,0,0,0,0
player_eef684f4e125,2025-2026,0,0,0,0,0
player_0457ad397a67,2025-2026,0,0,0,0,0
player_df177ff2fb26,2025-2026,0,0,0,0,0
player_7111ed9c0205,2025-2026,0,0,0,0,0
player_79742a2d0525,2025-2026,0,0,0,0,0
player_bf9bb090eabc,2025-2026,0,0,0,0,0
player_2c6e1dd7c56e,2025-2026,0,0,0,0,0
player_1d89b2af6681,2025-2026,0,0,0,0,0
player_5e074ad43994,2025-2026,0,0,0,0,0
player_03ef5af7f6f9,2025-2026,0,0,0,0,0
player_53f220de3b4f,2025-2026,0,0,0,0,0
player_4819aef7f4a9,2025-2026,0,0,0,0,0
player_f656e13f9419,2025-2026,0,0,0,0,0
player_54951f272ebc,2025-2026,0,0,0,0,0
player_4c1598531e91,2025-2026,0,0,0,0,0
player_6acdf072d197,2025-2026,0,0,0,0,0
player_1984f437aada,2025-2026,0,0,0,0,0
player_90dfb7cdc147,2025-2026,0,0,0,0,0
player_238170bf042f,2025-2026,0,0,0,0,0
player_be63e88ff1da,2025-2026,0,0,0,0,0
player_7977f24572f1,2025-2026,0,0,0,0,0
player_27da4c159ef6,2025-2026,0,0,0,0,0
player_e95bd0683a03,2025-2026,0,0,0,0,0
player_24cce60b451f,2025-2026,0,0,0,0,0
player_aba74852a671,2025-2026,0,0,0,0,0
player_6866413cfc92,2025-2026,0,0,0,0,0
player_a3767e7bce0a,2025-2026,0,0,0,0,0
player_c2da9b7bb702,2025-2026,0,0,0,0,0
player_6a73493a48e3,2025-2026,0,0,0,0,0
player_d1167a97171f,2025-2026,0,0,0,0,0
player_dddd43ae0766,2025-2026,0,0,0,0,0
player_5f5041792c91,2025-2026,0,0,0,0,0
player_b45e4dd5a042,2025-2026,0,0,0,0,0
player_1732ec7c06e5,2025-2026,0,0,0,0,0
player_628d1ee28fd7,2025-2026,0,0,0,0,0
player_f98b1d7d5b7c,2025-2026,0,0,0,0,0
player_2c776ff28a48,2025-2026,0,0,0,0,0
player_9ea49a568265,2025-2026,0,0,0,0,0
player_6d57ebad4ebc,2025-2026,0,0,0,0,0
player_5657a6446c66,2025-2026,0,0,0,0,0
player_7cd26b18c1f3,2025-2026,0,0,0,0,0
player_fa6114009cd9,2025-2026,0,0,0,0,0
player_c81964ac4827,2025-2026,0,0,0,0,0
player_71c393eeeb66,2025-2026,0,0,0,0,0
player_3dd2295d2255,2025-2026,0,0,0,0,0
player_ea8b01b5c443,2025-2026,0,0,0,0,0
player_a6420e7dc16c,2025-2026,0,0,0,0,0
player_947c31e8ecbb,2025-2026,0,0,0,0,0
player_c6cea851b666,2025-2026,0,0,0,0,0
player_1f0011f3e1ed,2025-2026,0,0,0,0,0
player_9e77676d17b5,2025-2026,0,0,0,0,0
player_6797bdaada0e,2025-2026,0,0,0,0,0
player_bdfce8a3f4a4,2025-2026,0,0,0,0,0
player_8e238f007796,2025-2026,0,0,0,0,0
player_134829ce9332,2025-2026,0,0,0,0,0
player_7c7fb886916d,2025-2026,0,0,0,0,0
player_f3265377e9ee,2025-2026,0,0,0,0,0
player_123c7c353e21,2025-2026,0,0,0,0,0
player_7516c94deb9b,2025-2026,0,0,0,0,0
player_387b3371ae56,2025-2026,0,0,0,0,0
player_2c867326d116,2025-2026,0,0,0,0,0
player_c2774b003e77,2025-2026,0,0,0,0,0
player_c3f9c81ea578,2025-2026,0,0,0,0,0
player_3e0e60c9d9da,2025-2026,0,0,0,0,0
player_f64ff5c24b7a,2025-2026,0,0,0,0,0
player_292fc28cee82,2025-2026,0,0,0,0,0
player_2fc216919e8b,2025-2026,0,0,0,0,0
player_5449dec1e0da,2025-2026,0,0,0,0,0
player_a32f59d77cbd,2025-2026,0,0,0,0,0
player_9a75f211c7cc,2025-2026,0,0,0,0,0
player_6750d4b527ae,2025-2026,0,0,0,0,0
player_965ca3540d63,2025-2026,0,0,0,0,0
player_e566b391c6f8,2025-2026,0,0,0,0,0
player_f14e866eb174,2025-2026,0,0,0,0,0
player_966f3b942e60,2025-2026,0,0,0,0,0
player_5fd8ea7c4958,2025-2026,0,0,0,0,0
player_69b39f70b989,2025-2026,0,0,0,0,0
player_c3beeab50cc6,2025-2026,0,0,0,0,0
player_b41c19d5885a,2025-2026,0,0,0,0,0
player_2b7126a39a7f,2025-2026,0,0,0,0,0
player_5cd0d4dc7d45,2025-2026,0,0,0,0,0
player_2c04bdd6f52e,2025-2026,0,0,0,0,0
player_4f0d0daef77a,2025-2026,0,0,0,0,0
player_d05a0c2db758,2025-2026,0,0,0,0,0
player_fb64c8e2ebd0,2025-2026,0,0,0,0,0
player_d7e7d5e05658,2025-2026,0,0,0,0,0
player_ec555200b37c,2025-2026,0,0,0,0,0
player_1366d51c0cbe,2025-2026,0,0,0,0,0
player_ff7780966363,2025-2026,0,0,0,0,0
player_3b1225f35ae2,2025-2026,0,0,0,0,0
player_d0cbfda69cf9,2025-2026,0,0,0,0,0
player_a50a56678996,2025-2026,0,0,0,0,0
player_1f5d67b6b576,2025-2026,0,0,0,0,0
player_eb8f341d651d,2025-2026,0,0,0,0,0
player_5cfeffd21e82,2025-2026,0,0,0,0,0
player_6f85fd1c6d70,2025-2026,0,0,0,0,0
player_983d099d1aa2,2025-2026,0,0,0,0,0
player_b4a814e1e33b,2025-2026,0,0,0,0,0
player_c3164281ff66,2025-2026,0,0,0,0,0
player_3158a8a81dfd,2025-2026,0,0,0,0,0
player_a8972f8acd54,2025-2026,0,0,0,0,0
player_223a9432b6ba,2025-2026,0,0,0,0,0
player_fa2ec43df483,2025-2026,0,0,0,0,0
player_b1ef0953bf9b,2025-2026,0,0,0,0,0
player_18713a12b134,2025-2026,0,0,0,0,0
player_42a03214901c,2025-2026,0,0,0,0,0
player_f88b2fe184e7,2025-2026,0,0,0,0,0
player_a97d73c3f74e,2025-2026,0,0,0,0,0
player_5fb296fb3d2e,2025-2026,0,0,0,0,0
player_b66646b1e22b,2025-2026,0,0,0,0,0
player_d83f7e7c1612,2025-2026,0,0,0,0,0
player_458f65026c00,2025-2026,0,0,0,0,0
player_57466ab0d34c,2025-2026,0,0,0,0,0
player_c71dddfdb272,2025-2026,0,0,0,0,0
player_1b3b681a36ac,2025-2026,0,0,0,0,0
player_e840a4dd414d,2025-2026,0,0,0,0,0
player_55eb8e5ee008,2025-2026,0,0,0,0,0
player_3dedbafc978e,2025-2026,0,0,0,0,0
player_fea7c9cc4081,2025-2026,0,0,0,0,0
player_d81f78072bb4,2025-2026,0,0,0,0,0
player_9cca480c4785,2025-2026,0,0,0,0,0
player_cd3dd97170ab,2025-2026,0,0,0,0,0
player_6f735d005f02,2025-2026,0,0,0,0,0
player_b6249284c940,2025-2026,0,0,0,0,0
player_d982bec9d7e9,2025-2026,0,0,0,0,0
player_f1467e22c1d1,2025-2026,0,0,0,0,0
player_3912300087e5,2025-2026,0,0,0,0,0
player_1cf1afefd02b,2025-2026,0,0,0,0,0
player_149f3fa0be11,2025-2026,0,0,0,0,0
player_b93844b0a3f0,2025-2026,0,0,0,0,0
player_8a5d6de93055,2025-2026,0,0,0,0,0
player_b20664339dc5,2025-2026,0,0,0,0,0
player_8a4f22f428c0,2025-2026,0,0,0,0,0
player_3144e42bde72,2025-2026,0,0,0,0,0
player_be17c68d91ad,2025-2026,0,0,0,0,0
player_6e18d42eb159,2025-2026,0,0,0,0,0
player_2ce777b8fff2,2025-2026,0,0,0,0,0
player_7951e8578d60,2025-2026,0,0,0,0,0
player_c591472f6c42,2025-2026,0,0,0,0,0
player_072845a2618c,2025-2026,0,0,0,0,0
player_edce456e2cfd,2025-2026,0,0,0,0,0
player_a61032d3b73e,2025-2026,0,0,0,0,0
player_e3a632d4cb26,2025-2026,0,0,0,0,0
player_2ce451d96d3f,2025-2026,0,0,0,0,0
player_0918e2800455,2025-2026,0,0,0,0,0
player_d8e6747686b6,2025-2026,0,0,0,0,0
player_13e4816ed4e9,2025-2026,0,0,0,0,0
player_978ef395a68e,2025-2026,0,0,0,0,0
player_58fc1004eb0f,2025-2026,0,0,0,0,0
player_1b3abf12a256,2025-2026,0,0,0,0,0
player_f493509e97cf,2025-2026,0,0,0,0,0
player_6210d6b62356,2025-2026,0,0,0,0,0
player_39f3e93a9159,2025-2026,0,0,0,0,0
player_400689577347,2025-2026,NULL,NULL,NULL,NULL,NULL
player_825df9bb2a41,2025-2026,NULL,NULL,NULL,NULL,NULL
player_871878327029,2025-2026,NULL,NULL,NULL,NULL,NULL
player_e1106a8ecb84,2025-2026,NULL,NULL,NULL,NULL,NULL
player_13134b378e82,2025-2026,NULL,NULL,NULL,NULL,NULL
player_0db4e533f67e,2025-2026,NULL,NULL,NULL,NULL,NULL
player_a4862ee6fb1b,2025-2026,NULL,NULL,NULL,NULL,NULL
player_c7de09af427c,2025-2026,NULL,NULL,NULL,NULL,NULL
player_06ba5bedb3e3,2025-2026,NULL,NULL,NULL,NULL,NULL
player_4cfcf70698a2,2025-2026,NULL,NULL,NULL,NULL,NULL
player_b2ed425189dc,2025-2026,NULL,NULL,NULL,NULL,NULL
player_ca051370ffdc,2025-2026,NULL,NULL,NULL,NULL,NULL
player_22e2a0e24e77,2025-2026,NULL,NULL,NULL,NULL,NULL
player_1c0ef0defb8e,2025-2026,NULL,NULL,NULL,NULL,NULL
player_868de12d93e7,2025-2026,NULL,NULL,NULL,NULL,NULL
player_14df0875a061,2025-2026,NULL,NULL,NULL,NULL,NULL
player_a9265798f112,2025-2026,NULL,NULL,NULL,NULL,NULL
player_a76685f1af8b,2025-2026,NULL,NULL,NULL,NULL,NULL
player_7637376ba414,2025-2026,NULL,NULL,NULL,NULL,NULL
player_1769245cf1a7,2025-2026,NULL,NULL,NULL,NULL,NULL
player_fc6766a87eb6,2025-2026,NULL,NULL,NULL,NULL,NULL
player_996565748c31,2025-2026,NULL,NULL,NULL,NULL,NULL
player_0c4fa9cf9222,2025-2026,NULL,NULL,NULL,NULL,NULL
player_b2dade45838b,2025-2026,NULL,NULL,NULL,NULL,NULL
player_0a936665bf23,2025-2026,NULL,NULL,NULL,NULL,NULL
player_57aeed6894ce,2025-2026,NULL,NULL,NULL,NULL,NULL
player_c49c2f012542,2025-2026,NULL,NULL,NULL,NULL,NULL
player_3b6dcd4b2145,2025-2026,NULL,NULL,NULL,NULL,NULL
player_5b4279372c3d,2025-2026,NULL,NULL,NULL,NULL,NULL
player_9bd7d1ec841d,2025-2026,NULL,NULL,NULL,NULL,NULL
player_39ef8945c754,2025-2026,NULL,NULL,NULL,NULL,NULL
player_d3303db8576e,2025-2026,NULL,NULL,NULL,NULL,NULL
player_4abe3591f28f,2025-2026,NULL,NULL,NULL,NULL,NULL
player_5105866552f7,2025-2026,NULL,NULL,NULL,NULL,NULL
player_3050bb5a3e92,2025-2026,NULL,NULL,NULL,NULL,NULL
player_0b1fa5bbc84a,2025-2026,NULL,NULL,NULL,NULL,NULL
player_d10cc22c89d4,2025-2026,NULL,NULL,NULL,NULL,NULL
player_02a318c0496f,2025-2026,NULL,NULL,NULL,NULL,NULL
player_efaa00c67f7a,2025-2026,NULL,NULL,NULL,NULL,NULL
player_fb965d68e8f0,2025-2026,NULL,NULL,NULL,NULL,NULL
player_68830aef4dbf,2025-2026,NULL,NULL,NULL,NULL,NULL
player_5d5db638d692,2025-2026,NULL,NULL,NULL,NULL,NULL
player_fac30eb33e25,2025-2026,NULL,NULL,NULL,NULL,NULL
player_4f9de1b3f737,2025-2026,NULL,NULL,NULL,NULL,NULL
player_ead21d1d4f1a,2025-2026,NULL,NULL,NULL,NULL,NULL
player_667ce4b0297f,2025-2026,NULL,NULL,NULL,NULL,NULL
player_ae699234ebfc,2025-2026,NULL,NULL,NULL,NULL,NULL
player_cef211e1c365,2025-2026,NULL,NULL,NULL,NULL,NULL
player_e64c25204058,2025-2026,NULL,NULL,NULL,NULL,NULL
player_cf7de06beb48,2025-2026,NULL,NULL,NULL,NULL,NULL
player_03fc77b1a06b,2025-2026,NULL,NULL,NULL,NULL,NULL
player_45369d7cc2f4,2025-2026,NULL,NULL,NULL,NULL,NULL
player_9a4330614144,2025-2026,NULL,NULL,NULL,NULL,NULL
player_be0db2041a88,2025-2026,NULL,NULL,NULL,NULL,NULL
player_a2f542879d5a,2025-2026,NULL,NULL,NULL,NULL,NULL
player_4154fa13e1fd,2025-2026,NULL,NULL,NULL,NULL,NULL
player_84e922f956b0,2025-2026,NULL,NULL,NULL,NULL,NULL
player_712a2d0256e4,2025-2026,NULL,NULL,NULL,NULL,NULL
player_ba62914c6b64,2025-2026,NULL,NULL,NULL,NULL,NULL
player_8edd8611e910,2025-2026,NULL,NULL,NULL,NULL,NULL
player_626228b73b43,2025-2026,NULL,NULL,NULL,NULL,NULL
player_d777e74a3c9a,2025-2026,NULL,NULL,NULL,NULL,NULL
player_7b80cbc569f1,2025-2026,NULL,NULL,NULL,NULL,NULL
player_a71bfb1b27b2,2025-2026,NULL,NULL,NULL,NULL,NULL
player_ad8d21b2acc3,2025-2026,NULL,NULL,NULL,NULL,NULL
player_9f301705455a,2025-2026,NULL,NULL,NULL,NULL,NULL
player_0d673b806bf2,2025-2026,NULL,NULL,NULL,NULL,NULL
player_18dc26749ad3,2025-2026,NULL,NULL,NULL,NULL,NULL
player_b0339a57e960,2025-2026,NULL,NULL,NULL,NULL,NULL
player_1c1f19d66219,2025-2026,NULL,NULL,NULL,NULL,NULL
player_6a0e59540d0f,2025-2026,NULL,NULL,NULL,NULL,NULL
player_fd1ac427790d,2025-2026,NULL,NULL,NULL,NULL,NULL
player_64a9e0a0f390,2025-2026,NULL,NULL,NULL,NULL,NULL
player_217faa2702fb,2025-2026,NULL,NULL,NULL,NULL,NULL
player_e6628afea64e,2025-2026,NULL,NULL,NULL,NULL,NULL
player_2f250f0c1a49,2025-2026,NULL,NULL,NULL,NULL,NULL
player_5c017f16417b,2025-2026,NULL,NULL,NULL,NULL,NULL
player_282ab57745e4,2025-2026,NULL,NULL,NULL,NULL,NULL
player_e5e78c9e885f,2025-2026,NULL,NULL,NULL,NULL,NULL
player_f46a83c13396,2025-2026,NULL,NULL,NULL,NULL,NULL
player_10cfdfdd8ed6,2025-2026,NULL,NULL,NULL,NULL,NULL
player_8d4018ebcdc0,2025-2026,NULL,NULL,NULL,NULL,NULL
player_21afac74befd,2025-2026,NULL,NULL,NULL,NULL,NULL
player_20dc7d6e1ec8,2025-2026,NULL,NULL,NULL,NULL,NULL
player_c2c02cf74e0c,2025-2026,NULL,NULL,NULL,NULL,NULL
player_ed654215c47c,2025-2026,NULL,NULL,NULL,NULL,NULL
player_9c9648a8271f,2025-2026,NULL,NULL,NULL,NULL,NULL
player_46c00f7124cb,2025-2026,NULL,NULL,NULL,NULL,NULL
player_1360a9a492c3,2025-2026,NULL,NULL,NULL,NULL,NULL
player_528af4adb95b,2025-2026,NULL,NULL,NULL,NULL,NULL
player_7743e14a4765,2025-2026,NULL,NULL,NULL,NULL,NULL
player_3baef8b89808,2025-2026,NULL,NULL,NULL,NULL,NULL
player_33550d1f5b3b,2025-2026,NULL,NULL,NULL,NULL,NULL
player_32ae9f139b52,2025-2026,NULL,NULL,NULL,NULL,NULL
player_a9671147a052,2025-2026,NULL,NULL,NULL,NULL,NULL
player_440b6068e598,2025-2026,NULL,NULL,NULL,NULL,NULL
player_b12706eb4af6,2025-2026,NULL,NULL,NULL,NULL,NULL
player_e8d4b0c97ba2,2025-2026,NULL,NULL,NULL,NULL,NULL
player_4e2aa7ed87f8,2025-2026,NULL,NULL,NULL,NULL,NULL
player_efe7519e684f,2025-2026,NULL,NULL,NULL,NULL,NULL
player_293e098eb0c9,2025-2026,NULL,NULL,NULL,NULL,NULL
player_d2857466db95,2025-2026,NULL,NULL,NULL,NULL,NULL
player_2f1e99324c82,2025-2026,NULL,NULL,NULL,NULL,NULL
player_59d07fc86757,2025-2026,NULL,NULL,NULL,NULL,NULL
player_068cdf78b90e,2025-2026,NULL,NULL,NULL,NULL,NULL
player_05a3e40d8d28,2025-2026,NULL,NULL,NULL,NULL,NULL
player_d078ba46c391,2025-2026,NULL,NULL,NULL,NULL,NULL
player_e6299cf5331e,2025-2026,NULL,NULL,NULL,NULL,NULL
player_3d53a9a845d7,2025-2026,NULL,NULL,NULL,NULL,NULL
player_01a5937725f0,2025-2026,NULL,NULL,NULL,NULL,NULL
player_d3ff5c67a466,2025-2026,NULL,NULL,NULL,NULL,NULL
player_3c3c074defb1,2025-2026,NULL,NULL,NULL,NULL,NULL
player_6c071ecd338f,2025-2026,NULL,NULL,NULL,NULL,NULL
player_329bfdcbe22b,2025-2026,NULL,NULL,NULL,NULL,NULL
player_ba8424e1a5b8,2025-2026,NULL,NULL,NULL,NULL,NULL
player_ccd42699b894,2025-2026,NULL,NULL,NULL,NULL,NULL
player_3842d637e168,2025-2026,NULL,NULL,NULL,NULL,NULL
player_cee8c62d8944,2025-2026,NULL,NULL,NULL,NULL,NULL
player_8551d48e2de2,2025-2026,NULL,NULL,NULL,NULL,NULL
player_1a30aefa81f7,2025-2026,NULL,NULL,NULL,NULL,NULL
player_07ca7da61a85,2025-2026,NULL,NULL,NULL,NULL,NULL
player_ac68d5032242,2025-2026,NULL,NULL,NULL,NULL,NULL
player_ba1e69f68619,2025-2026,NULL,NULL,NULL,NULL,NULL
player_62a4067b7c40,2025-2026,NULL,NULL,NULL,NULL,NULL
player_b1f7d140880d,2025-2026,NULL,NULL,NULL,NULL,NULL
player_4b36ac9b9cc7,2025-2026,NULL,NULL,NULL,NULL,NULL
player_7fe082dff690,2025-2026,NULL,NULL,NULL,NULL,NULL
player_60e39d4f5d80,2025-2026,NULL,NULL,NULL,NULL,NULL
player_7540322436a8,2025-2026,NULL,NULL,NULL,NULL,NULL
player_179ea2cfd931,2025-2026,NULL,NULL,NULL,NULL,NULL
player_03284959d14d,2025-2026,NULL,NULL,NULL,NULL,NULL
player_22178a6bd879,2025-2026,NULL,NULL,NULL,NULL,NULL
player_b99852936b6b,2025-2026,NULL,NULL,NULL,NULL,NULL
player_1694cca651d7,2025-2026,NULL,NULL,NULL,NULL,NULL
player_260817c12c97,2025-2026,NULL,NULL,NULL,NULL,NULL
player_0f76135e5895,2025-2026,NULL,NULL,NULL,NULL,NULL
player_31b8ddcf0e57,2025-2026,NULL,NULL,NULL,NULL,NULL
player_21c9bd26462c,2025-2026,NULL,NULL,NULL,NULL,NULL
player_e134946873f6,2025-2026,NULL,NULL,NULL,NULL,NULL
player_7934b9295380,2025-2026,NULL,NULL,NULL,NULL,NULL
player_75b17900ad6b,2025-2026,NULL,NULL,NULL,NULL,NULL
player_7e0f7fb89b67,2025-2026,NULL,NULL,NULL,NULL,NULL
player_df820f44d9e2,2025-2026,NULL,NULL,NULL,NULL,NULL
player_b5d7b8a5669b,2025-2026,NULL,NULL,NULL,NULL,NULL
player_4485ee6e6112,2025-2026,NULL,NULL,NULL,NULL,NULL
player_3fe01f5a58d3,2025-2026,NULL,NULL,NULL,NULL,NULL
player_7b340c195544,2025-2026,NULL,NULL,NULL,NULL,NULL
player_58299dc93c8a,2025-2026,NULL,NULL,NULL,NULL,NULL
player_f0893723cac0,2025-2026,NULL,NULL,NULL,NULL,NULL
player_f1b49c8fb4c4,2025-2026,NULL,NULL,NULL,NULL,NULL
player_d81ea87dbedc,2025-2026,NULL,NULL,NULL,NULL,NULL
player_a794093a5709,2025-2026,NULL,NULL,NULL,NULL,NULL
player_7c840f4d1726,2025-2026,NULL,NULL,NULL,NULL,NULL
player_6f2351a08d3f,2025-2026,NULL,NULL,NULL,NULL,NULL
player_4f107ae7aaf2,2025-2026,NULL,NULL,NULL,NULL,NULL
player_ef82433c9c42,2025-2026,NULL,NULL,NULL,NULL,NULL
player_756aa0176e33,2025-2026,NULL,NULL,NULL,NULL,NULL
player_af0a072bea74,2025-2026,NULL,NULL,NULL,NULL,NULL
player_24d1d25dc7b2,2025-2026,NULL,NULL,NULL,NULL,NULL
player_87a174fa8a3f,2025-2026,NULL,NULL,NULL,NULL,NULL
player_f05a70cf9259,2025-2026,NULL,NULL,NULL,NULL,NULL
player_1f98f797cb12,2025-2026,NULL,NULL,NULL,NULL,NULL
player_4c7f833b22f6,2025-2026,NULL,NULL,NULL,NULL,NULL
player_4a776cd47b89,2025-2026,NULL,NULL,NULL,NULL,NULL
player_2544a9af00f5,2025-2026,NULL,NULL,NULL,NULL,NULL
player_e0f1a3dfaef9,2025-2026,NULL,NULL,NULL,NULL,NULL
player_1432e91049a7,2025-2026,NULL,NULL,NULL,NULL,NULL
player_7a260dd7805a,2025-2026,NULL,NULL,NULL,NULL,NULL
player_5cbe86776e80,2025-2026,NULL,NULL,NULL,NULL,NULL
player_11d274832006,2025-2026,NULL,NULL,NULL,NULL,NULL
player_1a742f02f2cc,2025-2026,NULL,NULL,NULL,NULL,NULL
player_8671af3770f9,2025-2026,NULL,NULL,NULL,NULL,NULL
player_82ff1a404e79,2025-2026,NULL,NULL,NULL,NULL,NULL
player_cf7b54db0b82,2025-2026,NULL,NULL,NULL,NULL,NULL
player_e35601f3a86f,2025-2026,NULL,NULL,NULL,NULL,NULL
player_c1c99a21b24a,2025-2026,NULL,NULL,NULL,NULL,NULL
player_a181a4e9baab,2025-2026,NULL,NULL,NULL,NULL,NULL
player_151463b44dad,2025-2026,NULL,NULL,NULL,NULL,NULL
player_e48438b510ff,2025-2026,NULL,NULL,NULL,NULL,NULL
player_71928860187f,2025-2026,NULL,NULL,NULL,NULL,NULL
player_7bea3a057e57,2025-2026,NULL,NULL,NULL,NULL,NULL
