season,country,coefficient_5yr,rank,teams
2004-2005,Spain,73.717,1,8
2004-2005,England,63.224,2,7
2004-2005,Italy,61.186,3,7
2004-2005,France,49.469,4,7
2004-2005,Germany,48.989,5,7
2004-2005,Portugal,44.666,6,6
2004-2005,Netherlands,39.831,7,6
2004-2005,Greece,35.498,8,6
2004-2005,Belgium,31.75,9,4
2004-2005,Scotland,31.75,10,4
2004-2005,Turkey,29.916,11,4
2004-2005,Czech Republic,27.95,12,4
2004-2005,Russia,25.666,13,4
2004-2005,Austria,24.875,14,4
2004-2005,Ukraine,24.85,15,5
2004-2005,Israel,21.874,16,4
2004-2005,Serbia,21.249,17,4
2004-2005,Poland,21.0,18,4
2004-2005,Switzerland,20.875,19,4
2004-2005,Norway,20.2,20,4
2004-2005,Bulgaria,18.54,21,4
2004-2005,Croatia,18.125,22,3
2004-2005,Denmark,17.2,23,3
2004-2005,Hungary,16.331,24,3
2004-2005,Romania,15.457,25,3
2004-2005,Sweden,15.383,26,4
2004-2005,Slovakia,11.665,27,3
2004-2005,Slovenia,9.665,28,3
2004-2005,Cyprus,8.165,29,3
2004-2005,Bosnia-Herzegovina,7.165,30,3
2004-2005,Latvia,6.664,31,3
2004-2005,Finland,6.54,32,3
2004-2005,Moldova,6.332,33,3
2004-2005,Georgia,6.165,34,3
2004-2005,Lithuania,5.332,35,3
2004-2005,Iceland,4.832,36,3
2004-2005,North Macedonia,4.497,37,3
2004-2005,Ireland,4.164,38,3
2004-2005,Belarus,4.082,39,3
2004-2005,Liechtenstein,4.0,40,1
2004-2005,Armenia,2.998,41,4
2004-2005,Malta,2.998,42,3
2004-2005,Albania,2.665,43,3
2004-2005,Estonia,2.498,44,3
2004-2005,Northern Ireland,2.165,45,3
2004-2005,Wales,1.832,46,3
2004-2005,Luxembourg,1.665,47,3
2004-2005,Azerbaijan,1.332,48,3
2004-2005,Faroe Islands,0.999,49,3
2004-2005,Kazakhstan,0.666,50,0
2004-2005,Andorra,0.0,51,1
2004-2005,San Marino,0.0,52,1
2005-2006,Spain,72.748,1,7
2005-2006,Italy,66.731,2,7
2005-2006,England,63.486,3,7
2005-2006,France,50.781,4,8
2005-2006,Germany,48.364,5,8
2005-2006,Portugal,44.041,6,6
2005-2006,Netherlands,41.331,7,6
2005-2006,Greece,32.081,8,6
2005-2006,Russia,31.833,9,4
2005-2006,Romania,31.457,10,3
2005-2006,Scotland,30.375,11,4
2005-2006,Belgium,30.25,12,4
2005-2006,Ukraine,26.6,13,4
2005-2006,Czech Republic,26.575,14,4
2005-2006,Turkey,26.166,15,4
2005-2006,Switzerland,25.875,16,4
2005-2006,Bulgaria,24.29,17,4
2005-2006,Israel,21.541,18,4
2005-2006,Norway,20.975,19,5
2005-2006,Austria,20.375,20,4
2005-2006,Serbia,19.999,21,4
2005-2006,Poland,18.5,22,4
2005-2006,Denmark,16.95,23,4
2005-2006,Hungary,14.665,24,3
2005-2006,Croatia,14.083,25,3
2005-2006,Sweden,13.249,26,3
2005-2006,Slovakia,12.332,27,3
2005-2006,Cyprus,10.165,28,3
2005-2006,Slovenia,10.165,29,3
2005-2006,Bosnia-Herzegovina,8.165,30,3
2005-2006,Finland,7.373,31,3
2005-2006,Latvia,7.164,32,3
2005-2006,Moldova,6.832,33,3
2005-2006,Georgia,6.331,34,3
2005-2006,Lithuania,5.832,35,3
2005-2006,North Macedonia,5.331,36,3
2005-2006,Iceland,4.832,37,3
2005-2006,Liechtenstein,4.5,38,1
2005-2006,Belarus,4.415,39,3
2005-2006,Ireland,4.331,40,3
2005-2006,Albania,3.665,41,3
2005-2006,Armenia,2.998,42,3
2005-2006,Estonia,2.665,43,3
2005-2006,Malta,2.665,44,3
2005-2006,Wales,2.332,45,3
2005-2006,Northern Ireland,2.332,46,3
2005-2006,Azerbaijan,1.999,47,3
2005-2006,Luxembourg,1.832,48,3
2005-2006,Kazakhstan,1.666,49,1
2005-2006,Faroe Islands,1.665,50,3
2005-2006,San Marino,0.0,51,1
2005-2006,Andorra,0.0,52,1
2006-2007,Spain,76.891,1,7
2006-2007,England,68.54,2,8
2006-2007,Italy,66.088,3,7
2006-2007,France,53.656,4,8
2006-2007,Germany,44.364,5,7
2006-2007,Portugal,42.749,6,6
2006-2007,Romania,40.165,7,3
2006-2007,Netherlands,39.379,8,7
2006-2007,Russia,36.125,9,4
2006-2007,Scotland,30.5,10,4
2006-2007,Ukraine,29.475,11,4
2006-2007,Belgium,29.075,12,5
2006-2007,Czech Republic,26.825,13,4
2006-2007,Turkey,26.641,14,5
2006-2007,Greece,25.497,15,6
2006-2007,Bulgaria,24.582,16,4
2006-2007,Switzerland,23.85,17,5
2006-2007,Norway,19.725,18,5
2006-2007,Israel,19.208,19,4
2006-2007,Serbia,18.958,20,4
2006-2007,Denmark,18.575,21,4
2006-2007,Austria,18.5,22,5
2006-2007,Poland,17.0,23,4
2006-2007,Hungary,14.165,24,3
2006-2007,Slovakia,10.832,25,3
2006-2007,Croatia,10.708,26,3
2006-2007,Cyprus,10.582,27,4
2006-2007,Sweden,10.541,28,4
2006-2007,Slovenia,9.915,29,4
2006-2007,Bosnia-Herzegovina,9.665,30,3
2006-2007,Latvia,8.664,31,3
2006-2007,Lithuania,7.332,32,3
2006-2007,Finland,7.331,33,3
2006-2007,Moldova,7.166,34,3
2006-2007,Ireland,6.498,35,3
2006-2007,Georgia,6.164,36,3
2006-2007,Liechtenstein,6.0,37,1
2006-2007,North Macedonia,5.831,38,3
2006-2007,Iceland,4.999,39,3
2006-2007,Belarus,4.665,40,3
2006-2007,Albania,3.832,41,3
2006-2007,Estonia,3.665,42,3
2006-2007,Armenia,3.498,43,3
2006-2007,Azerbaijan,3.166,44,3
2006-2007,Kazakhstan,2.332,45,3
2006-2007,Northern Ireland,2.165,46,3
2006-2007,Wales,1.998,47,3
2006-2007,Faroe Islands,1.665,48,3
2006-2007,Luxembourg,1.665,49,3
2006-2007,Malta,1.665,50,3
2006-2007,San Marino,0.0,51,1
2006-2007,Andorra,0.0,52,1
2007-2008,England,75.749,1,8
2007-2008,Spain,75.266,2,8
2007-2008,Italy,60.41,3,8
2007-2008,France,52.668,4,7
2007-2008,Germany,48.722,5,7
2007-2008,Russia,43.75,6,4
2007-2008,Romania,40.599,7,5
2007-2008,Portugal,39.927,8,7
2007-2008,Netherlands,38.213,9,6
2007-2008,Scotland,33.375,10,4
2007-2008,Turkey,31.725,11,4
2007-2008,Ukraine,30.1,12,4
2007-2008,Belgium,26.7,13,4
2007-2008,Greece,25.831,14,6
2007-2008,Czech Republic,25.75,15,4
2007-2008,Switzerland,24.225,16,4
2007-2008,Bulgaria,23.166,17,4
2007-2008,Norway,22.425,18,5
2007-2008,Denmark,20.45,19,4
2007-2008,Austria,17.7,20,5
2007-2008,Serbia,16.75,21,4
2007-2008,Israel,15.75,22,4
2007-2008,Sweden,13.691,23,5
2007-2008,Slovakia,12.332,24,3
2007-2008,Poland,12.041,25,3
2007-2008,Hungary,11.999,26,3
2007-2008,Croatia,11.624,27,3
2007-2008,Cyprus,10.082,28,3
2007-2008,Slovenia,9.915,29,3
2007-2008,Finland,9.623,30,4
2007-2008,Latvia,8.831,31,3
2007-2008,Bosnia-Herzegovina,8.498,32,3
2007-2008,Lithuania,7.999,33,3
2007-2008,Moldova,7.499,34,3
2007-2008,Ireland,7.332,35,3
2007-2008,North Macedonia,6.331,36,3
2007-2008,Iceland,5.999,37,3
2007-2008,Georgia,5.831,38,3
2007-2008,Liechtenstein,5.5,39,1
2007-2008,Belarus,5.332,40,3
2007-2008,Estonia,4.332,41,3
2007-2008,Azerbaijan,3.832,42,3
2007-2008,Albania,3.666,43,3
2007-2008,Armenia,3.665,44,3
2007-2008,Kazakhstan,2.582,45,4
2007-2008,Northern Ireland,2.332,46,3
2007-2008,Wales,2.331,47,3
2007-2008,Faroe Islands,1.832,48,3
2007-2008,Luxembourg,1.498,49,3
2007-2008,Malta,0.832,50,3
2007-2008,Montenegro,0.5,51,3
2007-2008,Andorra,0.5,52,2
2007-2008,San Marino,0.25,53,2
2008-2009,England,79.499,1,9
2008-2009,Spain,74.266,2,8
2008-2009,Italy,62.91,3,8
2008-2009,Germany,56.695,4,8
2008-2009,France,50.168,5,7
2008-2009,Russia,47.625,6,4
2008-2009,Ukraine,41.85,7,4
2008-2009,Netherlands,39.13,8,6
2008-2009,Romania,38.908,9,7
2008-2009,Portugal,36.462,10,7
2008-2009,Turkey,32.225,11,4
2008-2009,Greece,28.165,12,4
2008-2009,Scotland,27.875,13,4
2008-2009,Belgium,25.325,14,4
2008-2009,Switzerland,25.25,15,5
2008-2009,Denmark,24.45,16,5
2008-2009,Bulgaria,21.25,17,4
2008-2009,Czech Republic,20.75,18,4
2008-2009,Norway,18.8,19,5
2008-2009,Austria,17.825,20,4
2008-2009,Serbia,15.25,21,4
2008-2009,Israel,15.25,22,4
2008-2009,Cyprus,15.082,23,3
2008-2009,Sweden,14.691,24,4
2008-2009,Slovakia,14.665,25,3
2008-2009,Poland,12.916,26,3
2008-2009,Croatia,12.332,27,3
2008-2009,Finland,9.79,28,3
2008-2009,Lithuania,9.666,29,3
2008-2009,Ireland,9.499,30,3
2008-2009,Latvia,9.164,31,3
2008-2009,Slovenia,9.082,32,3
2008-2009,Belarus,8.666,33,3
2008-2009,Bosnia-Herzegovina,8.665,34,3
2008-2009,Hungary,8.166,35,3
2008-2009,Iceland,6.665,36,3
2008-2009,Moldova,6.665,37,3
2008-2009,Georgia,6.664,38,3
2008-2009,Liechtenstein,5.5,39,1
2008-2009,North Macedonia,5.165,40,3
2008-2009,Azerbaijan,4.498,41,3
2008-2009,Estonia,4.332,42,3
2008-2009,Albania,3.999,43,3
2008-2009,Kazakhstan,3.249,44,3
2008-2009,Armenia,2.999,45,3
2008-2009,Wales,2.331,46,3
2008-2009,Northern Ireland,2.165,47,3
2008-2009,Faroe Islands,2.165,48,3
2008-2009,Luxembourg,1.332,49,3
2008-2009,Montenegro,1.0,50,3
2008-2009,Andorra,0.5,51,2
2008-2009,Malta,0.499,52,3
2008-2009,San Marino,0.25,53,2
2009-2010,England,81.856,1,7
2009-2010,Spain,79.757,2,7
2009-2010,Italy,64.338,3,7
2009-2010,Germany,64.207,4,6
2009-2010,France,53.74,5,6
2009-2010,Russia,43.791,6,6
2009-2010,Ukraine,39.55,7,5
2009-2010,Romania,39.491,8,6
2009-2010,Portugal,38.296,9,6
2009-2010,Netherlands,36.546,10,6
2009-2010,Turkey,34.45,11,5
2009-2010,Greece,29.899,12,5
2009-2010,Switzerland,28.375,13,4
2009-2010,Belgium,27.9,14,5
2009-2010,Denmark,27.35,15,5
2009-2010,Scotland,25.791,16,6
2009-2010,Bulgaria,22.0,17,4
2009-2010,Czech Republic,21.975,18,5
2009-2010,Austria,19.575,19,4
2009-2010,Israel,18.875,20,4
2009-2010,Cyprus,17.999,21,4
2009-2010,Norway,17.4,22,5
2009-2010,Slovakia,15.832,23,4
2009-2010,Sweden,14.191,24,4
2009-2010,Serbia,14.0,25,4
2009-2010,Poland,12.541,26,4
2009-2010,Croatia,12.332,27,4
2009-2010,Belarus,11.541,28,4
2009-2010,Ireland,9.541,29,4
2009-2010,Finland,9.499,30,4
2009-2010,Bosnia-Herzegovina,8.749,31,4
2009-2010,Lithuania,8.416,32,4
2009-2010,Latvia,8.248,33,4
2009-2010,Moldova,7.29,34,4
2009-2010,Slovenia,6.957,35,4
2009-2010,Hungary,6.75,36,4
2009-2010,Georgia,5.748,37,4
2009-2010,Azerbaijan,5.498,38,4
2009-2010,Iceland,5.415,39,4
2009-2010,North Macedonia,5.332,40,4
2009-2010,Liechtenstein,4.5,41,1
2009-2010,Kazakhstan,4.499,42,4
2009-2010,Estonia,4.374,43,4
2009-2010,Albania,3.999,44,4
2009-2010,Armenia,2.999,45,4
2009-2010,Wales,2.581,46,4
2009-2010,Montenegro,2.125,47,4
2009-2010,Faroe Islands,1.832,48,4
2009-2010,Northern Ireland,1.624,49,4
2009-2010,Luxembourg,1.249,50,4
2009-2010,Andorra,1.0,51,2
2009-2010,Malta,0.916,52,4
2009-2010,San Marino,0.75,53,2
2010-2011,England,85.785,1,7
2010-2011,Spain,82.329,2,7
2010-2011,Germany,69.436,3,6
2010-2011,Italy,60.552,4,7
2010-2011,France,53.678,5,6
2010-2011,Portugal,51.596,6,5
2010-2011,Russia,44.707,7,6
2010-2011,Ukraine,43.883,8,6
2010-2011,Netherlands,40.129,9,6
2010-2011,Turkey,35.05,10,5
2010-2011,Greece,34.166,11,5
2010-2011,Denmark,30.55,12,5
2010-2011,Belgium,27.0,13,5
2010-2011,Romania,25.824,14,6
2010-2011,Scotland,25.141,15,5
2010-2011,Switzerland,24.9,16,5
2010-2011,Israel,22.0,17,4
2010-2011,Czech Republic,20.85,18,4
2010-2011,Austria,20.7,19,4
2010-2011,Cyprus,18.124,20,4
2010-2011,Bulgaria,17.875,21,4
2010-2011,Croatia,16.124,22,4
2010-2011,Belarus,16.083,23,4
2010-2011,Poland,15.916,24,4
2010-2011,Slovakia,14.499,25,4
2010-2011,Norway,14.375,26,4
2010-2011,Serbia,14.25,27,4
2010-2011,Sweden,14.125,28,5
2010-2011,Bosnia-Herzegovina,9.124,29,4
2010-2011,Finland,8.966,30,5
2010-2011,Ireland,8.708,31,4
2010-2011,Hungary,8.5,32,4
2010-2011,Moldova,7.749,33,4
2010-2011,Lithuania,7.708,34,4
2010-2011,Latvia,7.415,35,4
2010-2011,Georgia,6.957,36,4
2010-2011,Azerbaijan,6.165,37,4
2010-2011,Slovenia,6.124,38,4
2010-2011,North Macedonia,5.207,39,4
2010-2011,Iceland,4.957,40,4
2010-2011,Kazakhstan,4.374,41,4
2010-2011,Liechtenstein,4.0,42,1
2010-2011,Montenegro,3.875,43,4
2010-2011,Albania,3.874,44,4
2010-2011,Estonia,3.791,45,4
2010-2011,Wales,2.79,46,4
2010-2011,Armenia,2.583,47,4
2010-2011,Malta,2.416,48,3
2010-2011,Northern Ireland,2.249,49,4
2010-2011,Faroe Islands,1.416,50,4
2010-2011,Luxembourg,1.374,51,4
2010-2011,Andorra,1.0,52,4
2010-2011,San Marino,0.916,53,3
2011-2012,England,84.41,1,8
2011-2012,Spain,84.186,2,7
2011-2012,Germany,75.186,3,6
2011-2012,Italy,59.981,4,7
2011-2012,Portugal,55.346,5,6
2011-2012,France,54.178,6,6
2011-2012,Russia,47.832,7,6
2011-2012,Netherlands,45.515,8,5
2011-2012,Ukraine,45.133,9,6
2011-2012,Greece,37.1,10,5
2011-2012,Turkey,34.05,11,5
2011-2012,Belgium,32.4,12,5
2011-2012,Denmark,27.525,13,5
2011-2012,Switzerland,26.8,14,5
2011-2012,Austria,26.325,15,4
2011-2012,Cyprus,25.499,16,4
2011-2012,Israel,22.0,17,4
2011-2012,Scotland,21.141,18,4
2011-2012,Czech Republic,20.35,19,4
2011-2012,Poland,19.916,20,4
2011-2012,Croatia,18.874,21,4
2011-2012,Romania,18.824,22,6
2011-2012,Belarus,18.208,23,4
2011-2012,Sweden,15.9,24,5
2011-2012,Slovakia,14.874,25,4
2011-2012,Norway,14.675,26,5
2011-2012,Serbia,14.25,27,4
2011-2012,Bulgaria,14.25,28,4
2011-2012,Hungary,9.75,29,4
2011-2012,Finland,9.133,30,4
2011-2012,Georgia,8.666,31,4
2011-2012,Bosnia-Herzegovina,8.416,32,4
2011-2012,Ireland,7.375,33,4
2011-2012,Slovenia,7.124,34,4
2011-2012,Lithuania,6.875,35,4
2011-2012,Moldova,6.749,36,4
2011-2012,Azerbaijan,6.207,37,4
2011-2012,Latvia,5.874,38,4
2011-2012,North Macedonia,5.666,39,4
2011-2012,Kazakhstan,5.333,40,4
2011-2012,Iceland,5.332,41,4
2011-2012,Montenegro,4.375,42,4
2011-2012,Liechtenstein,4.0,43,1
2011-2012,Albania,3.916,44,4
2011-2012,Malta,3.083,45,3
2011-2012,Wales,2.749,46,4
2011-2012,Estonia,2.666,47,4
2011-2012,Northern Ireland,2.583,48,4
2011-2012,Luxembourg,2.333,49,4
2011-2012,Armenia,2.208,50,4
2011-2012,Faroe Islands,1.416,51,4
2011-2012,Andorra,1.0,52,4
2011-2012,San Marino,0.916,53,3
2012-2013,Spain,88.025,1,7
2012-2013,England,82.963,2,7
2012-2013,Germany,79.614,3,7
2012-2013,Italy,64.147,4,6
2012-2013,Portugal,59.168,5,6
2012-2013,France,59.0,6,6
2012-2013,Ukraine,49.758,7,6
2012-2013,Russia,46.332,8,6
2012-2013,Netherlands,44.729,9,7
2012-2013,Turkey,34.5,10,5
2012-2013,Belgium,34.4,11,5
2012-2013,Greece,34.0,12,5
2012-2013,Switzerland,28.925,13,4
2012-2013,Cyprus,26.833,14,4
2012-2013,Denmark,25.7,15,5
2012-2013,Austria,25.375,16,4
2012-2013,Czech Republic,23.725,17,4
2012-2013,Romania,23.024,18,5
2012-2013,Israel,22.875,19,4
2012-2013,Belarus,20.875,20,4
2012-2013,Poland,20.75,21,4
2012-2013,Croatia,19.583,22,4
2012-2013,Sweden,15.625,23,4
2012-2013,Scotland,15.191,24,5
2012-2013,Serbia,14.625,25,4
2012-2013,Slovakia,14.208,26,4
2012-2013,Norway,14.175,27,5
2012-2013,Bulgaria,12.25,28,4
2012-2013,Hungary,11.75,29,4
2012-2013,Slovenia,9.708,30,4
2012-2013,Georgia,9.166,31,4
2012-2013,Azerbaijan,8.541,32,4
2012-2013,Finland,8.508,33,5
2012-2013,Bosnia-Herzegovina,7.833,34,4
2012-2013,Moldova,7.666,35,4
2012-2013,Ireland,7.375,36,4
2012-2013,Lithuania,6.5,37,4
2012-2013,Kazakhstan,5.958,38,4
2012-2013,Latvia,5.791,39,4
2012-2013,Iceland,5.416,40,4
2012-2013,Montenegro,5.25,41,4
2012-2013,North Macedonia,5.25,42,4
2012-2013,Albania,4.166,43,4
2012-2013,Malta,3.958,44,4
2012-2013,Liechtenstein,3.5,45,1
2012-2013,Luxembourg,3.375,46,4
2012-2013,Northern Ireland,3.083,47,4
2012-2013,Wales,2.583,48,4
2012-2013,Estonia,2.208,49,4
2012-2013,Armenia,1.75,50,4
2012-2013,Faroe Islands,1.583,51,4
2012-2013,San Marino,0.666,52,3
2012-2013,Andorra,0.5,53,3
2013-2014,Spain,97.713,1,7
2013-2014,England,84.748,2,7
2013-2014,Germany,81.641,3,7
2013-2014,Italy,66.938,4,6
2013-2014,Portugal,62.299,5,6
2013-2014,France,56.5,6,6
2013-2014,Russia,46.998,7,6
2013-2014,Netherlands,44.312,8,6
2013-2014,Ukraine,40.966,9,6
2013-2014,Belgium,36.3,10,5
2013-2014,Turkey,34.2,11,5
2013-2014,Greece,33.6,12,5
2013-2014,Switzerland,33.225,13,5
2013-2014,Austria,30.925,14,5
2013-2014,Czech Republic,29.35,15,4
2013-2014,Romania,27.257,16,4
2013-2014,Israel,26.875,17,4
2013-2014,Cyprus,23.25,18,4
2013-2014,Denmark,21.3,19,5
2013-2014,Croatia,19.625,20,4
2013-2014,Poland,18.875,21,4
2013-2014,Belarus,18.625,22,4
2013-2014,Scotland,16.566,23,4
2013-2014,Sweden,16.325,24,5
2013-2014,Bulgaria,15.625,25,4
2013-2014,Norway,14.275,26,5
2013-2014,Serbia,14.125,27,4
2013-2014,Hungary,11.625,28,4
2013-2014,Slovenia,11.0,29,4
2013-2014,Slovakia,11.0,30,4
2013-2014,Moldova,10.375,31,4
2013-2014,Azerbaijan,10.375,32,4
2013-2014,Georgia,9.875,33,4
2013-2014,Kazakhstan,8.25,34,4
2013-2014,Bosnia-Herzegovina,7.5,35,4
2013-2014,Finland,7.175,36,5
2013-2014,Iceland,6.75,37,4
2013-2014,Latvia,6.25,38,4
2013-2014,Montenegro,6.0,39,4
2013-2014,Albania,5.5,40,4
2013-2014,Lithuania,5.25,41,4
2013-2014,North Macedonia,5.25,42,4
2013-2014,Ireland,5.125,43,4
2013-2014,Luxembourg,4.875,44,4
2013-2014,Malta,4.833,45,4
2013-2014,Liechtenstein,4.5,46,1
2013-2014,Northern Ireland,3.625,47,4
2013-2014,Wales,3.0,48,4
2013-2014,Armenia,2.875,49,4
2013-2014,Estonia,2.875,50,4
2013-2014,Faroe Islands,2.125,51,4
2013-2014,San Marino,0.999,52,3
2013-2014,Andorra,0.833,53,3
2014-2015,Spain,99.999,1,7
2014-2015,England,80.391,2,7
2014-2015,Germany,79.415,3,7
2014-2015,Italy,70.51,4,6
2014-2015,Portugal,61.382,5,6
2014-2015,France,52.416,6,6
2014-2015,Russia,50.498,7,6
2014-2015,Ukraine,45.166,8,6
2014-2015,Netherlands,40.979,9,6
2014-2015,Belgium,37.2,10,5
2014-2015,Switzerland,34.375,11,5
2014-2015,Turkey,32.6,12,5
2014-2015,Greece,31.9,13,5
2014-2015,Czech Republic,29.125,14,4
2014-2015,Romania,26.299,15,4
2014-2015,Austria,25.675,16,4
2014-2015,Croatia,23.5,17,4
2014-2015,Cyprus,22.3,18,5
2014-2015,Poland,21.5,19,4
2014-2015,Israel,21.0,20,4
2014-2015,Belarus,20.75,21,4
2014-2015,Denmark,19.8,22,5
2014-2015,Scotland,17.9,23,4
2014-2015,Sweden,17.725,24,5
2014-2015,Bulgaria,16.75,25,4
2014-2015,Norway,14.375,26,5
2014-2015,Serbia,13.875,27,4
2014-2015,Slovenia,13.625,28,4
2014-2015,Azerbaijan,12.5,29,4
2014-2015,Slovakia,11.25,30,4
2014-2015,Hungary,11.0,31,4
2014-2015,Kazakhstan,10.375,32,4
2014-2015,Moldova,10.0,33,4
2014-2015,Georgia,9.375,34,4
2014-2015,Finland,8.2,35,5
2014-2015,Iceland,8.0,36,4
2014-2015,Bosnia-Herzegovina,7.5,37,4
2014-2015,Liechtenstein,6.0,38,1
2014-2015,North Macedonia,5.875,39,4
2014-2015,Ireland,5.75,40,4
2014-2015,Montenegro,5.625,41,4
2014-2015,Albania,5.375,42,4
2014-2015,Luxembourg,5.125,43,4
2014-2015,Northern Ireland,4.875,44,4
2014-2015,Lithuania,4.5,45,4
2014-2015,Latvia,4.25,46,4
2014-2015,Malta,4.208,47,4
2014-2015,Estonia,3.5,48,4
2014-2015,Faroe Islands,3.5,49,4
2014-2015,Wales,2.875,50,4
2014-2015,Armenia,2.75,51,4
2014-2015,Andorra,0.833,52,3
2014-2015,San Marino,0.499,53,3
2014-2015,Gibraltar,0.25,54,2
2015-2016,Spain,105.713,1,7
2015-2016,Germany,80.177,2,7
2015-2016,England,76.284,3,8
2015-2016,Italy,70.439,4,6
2015-2016,Portugal,53.082,5,6
2015-2016,France,52.749,6,6
2015-2016,Russia,51.082,7,5
2015-2016,Ukraine,44.883,8,5
2015-2016,Belgium,40.0,9,5
2015-2016,Netherlands,35.563,10,6
2015-2016,Turkey,34.6,11,5
2015-2016,Switzerland,33.775,12,5
2015-2016,Czech Republic,32.925,13,5
2015-2016,Greece,29.7,14,5
2015-2016,Romania,25.383,15,4
2015-2016,Austria,25.1,16,5
2015-2016,Croatia,23.875,17,4
2015-2016,Poland,22.5,18,4
2015-2016,Cyprus,22.175,19,4
2015-2016,Belarus,20.0,20,4
2015-2016,Sweden,19.875,21,4
2015-2016,Norway,19.25,22,4
2015-2016,Israel,18.625,23,4
2015-2016,Denmark,18.6,24,4
2015-2016,Scotland,17.3,25,4
2015-2016,Azerbaijan,14.875,26,4
2015-2016,Serbia,14.625,27,4
2015-2016,Kazakhstan,14.125,28,4
2015-2016,Bulgaria,13.125,29,4
2015-2016,Slovenia,13.125,30,4
2015-2016,Slovakia,12.0,31,4
2015-2016,Liechtenstein,10.5,32,1
2015-2016,Hungary,9.875,33,4
2015-2016,Moldova,9.125,34,4
2015-2016,Iceland,8.75,35,4
2015-2016,Georgia,8.125,36,4
2015-2016,Finland,7.4,37,4
2015-2016,Bosnia-Herzegovina,7.125,38,4
2015-2016,Albania,6.625,39,4
2015-2016,North Macedonia,6.0,40,4
2015-2016,Ireland,5.45,41,5
2015-2016,Latvia,5.375,42,4
2015-2016,Luxembourg,5.25,43,4
2015-2016,Montenegro,4.875,44,4
2015-2016,Lithuania,4.625,45,4
2015-2016,Northern Ireland,4.5,46,4
2015-2016,Estonia,4.25,47,4
2015-2016,Armenia,4.125,48,4
2015-2016,Faroe Islands,3.625,49,4
2015-2016,Malta,3.583,50,4
2015-2016,Wales,3.5,51,4
2015-2016,Gibraltar,1.0,52,2
2015-2016,Andorra,0.999,53,3
2015-2016,San Marino,0.333,54,3
2016-2017,Spain,104.998,1,7
2016-2017,Germany,79.498,2,7
2016-2017,England,75.962,3,7
2016-2017,Italy,73.332,4,6
2016-2017,France,56.665,5,6
2016-2017,Russia,50.532,6,5
2016-2017,Portugal,49.332,7,6
2016-2017,Ukraine,42.633,8,5
2016-2017,Belgium,42.4,9,5
2016-2017,Turkey,39.2,10,5
2016-2017,Czech Republic,33.175,11,5
2016-2017,Switzerland,32.075,12,5
2016-2017,Netherlands,31.063,13,5
2016-2017,Greece,27.9,14,5
2016-2017,Austria,25.35,15,4
2016-2017,Croatia,25.25,16,4
2016-2017,Romania,24.35,17,5
2016-2017,Denmark,24.0,18,4
2016-2017,Belarus,19.875,19,4
2016-2017,Poland,19.75,20,4
2016-2017,Sweden,19.725,21,4
2016-2017,Israel,19.375,22,4
2016-2017,Scotland,18.925,23,4
2016-2017,Cyprus,18.55,24,4
2016-2017,Norway,18.325,25,4
2016-2017,Azerbaijan,17.75,26,4
2016-2017,Bulgaria,15.875,27,4
2016-2017,Serbia,15.375,28,4
2016-2017,Kazakhstan,15.25,29,4
2016-2017,Slovenia,13.125,30,4
2016-2017,Slovakia,11.75,31,4
2016-2017,Liechtenstein,11.0,32,1
2016-2017,Hungary,9.5,33,4
2016-2017,Moldova,9.5,34,4
2016-2017,Iceland,8.375,35,4
2016-2017,Finland,7.65,36,4
2016-2017,Albania,6.625,37,4
2016-2017,Ireland,6.575,38,4
2016-2017,Bosnia-Herzegovina,6.5,39,4
2016-2017,Georgia,6.375,40,4
2016-2017,Latvia,6.125,41,4
2016-2017,North Macedonia,5.625,42,4
2016-2017,Estonia,5.25,43,4
2016-2017,Montenegro,5.25,44,4
2016-2017,Armenia,5.125,45,4
2016-2017,Luxembourg,4.875,46,4
2016-2017,Northern Ireland,4.5,47,4
2016-2017,Lithuania,4.125,48,4
2016-2017,Malta,4.0,49,4
2016-2017,Wales,3.875,50,4
2016-2017,Faroe Islands,3.5,51,4
2016-2017,Gibraltar,2.5,52,2
2016-2017,Andorra,1.165,53,3
2016-2017,San Marino,0.333,54,3
2017-2018,Spain,106.998,1,7
2017-2018,England,79.605,2,7
2017-2018,Italy,76.249,3,6
2017-2018,Germany,71.427,4,7
2017-2018,France,56.415,5,6
2017-2018,Russia,53.382,6,5
2017-2018,Portugal,47.248,7,6
2017-2018,Ukraine,41.133,8,5
2017-2018,Belgium,38.5,9,5
2017-2018,Türkiye,35.8,10,5
2017-2018,Austria,32.85,11,4
2017-2018,Switzerland,30.2,12,5
2017-2018,Czechia,30.175,13,5
2017-2018,Netherlands,29.749,14,5
2017-2018,Greece,28.6,15,5
2017-2018,Croatia,26.0,16,4
2017-2018,Denmark,25.95,17,4
2017-2018,Israel,21.75,18,4
2017-2018,Cyprus,21.55,19,4
2017-2018,Romania,20.45,20,5
2017-2018,Poland,20.125,21,4
2017-2018,Sweden,19.975,22,4
2017-2018,Azerbaijan,19.125,23,4
2017-2018,Bulgaria,19.125,24,4
2017-2018,Serbia,18.75,25,4
2017-2018,Scotland,18.625,26,4
2017-2018,Belarus,18.625,27,4
2017-2018,Kazakhstan,18.125,28,4
2017-2018,Norway,17.425,29,4
2017-2018,Slovenia,14.5,30,4
2017-2018,Liechtenstein,13.0,31,1
2017-2018,Slovakia,12.125,32,4
2017-2018,Moldova,10.0,33,4
2017-2018,Albania,8.5,34,4
2017-2018,Iceland,8.25,35,4
2017-2018,Hungary,8.125,36,4
2017-2018,North Macedonia,7.5,37,4
2017-2018,Finland,6.9,38,4
2017-2018,Ireland,6.7,39,4
2017-2018,Bosnia-Herzegovina,6.625,40,4
2017-2018,Latvia,5.625,41,4
2017-2018,Estonia,5.5,42,4
2017-2018,Lithuania,5.375,43,4
2017-2018,Montenegro,5.0,44,4
2017-2018,Georgia,5.0,45,4
2017-2018,Armenia,4.875,46,4
2017-2018,Malta,4.5,47,4
2017-2018,Luxembourg,4.375,48,4
2017-2018,Northern Ireland,4.25,49,4
2017-2018,Wales,3.875,50,4
2017-2018,Faroe Islands,3.75,51,4
2017-2018,Gibraltar,3.0,52,3
2017-2018,Andorra,1.331,53,3
2017-2018,San Marino,0.499,54,3
2017-2018,Kosovo,0.0,55,2
2018-2019,Spain,103.569,1,7
2018-2019,England,85.462,2,7
2018-2019,Italy,74.725,3,7
2018-2019,Germany,71.927,4,7
2018-2019,France,58.498,5,6
2018-2019,Russia,50.549,6,6
2018-2019,Portugal,48.232,7,5
2018-2019,Belgium,39.9,8,5
2018-2019,Ukraine,38.9,9,5
2018-2019,Türkiye,34.6,10,5
2018-2019,Netherlands,32.433,11,5
2018-2019,Austria,31.25,12,5
2018-2019,Czechia,28.675,13,5
2018-2019,Greece,27.6,14,5
2018-2019,Croatia,27.375,15,4
2018-2019,Denmark,27.025,16,4
2018-2019,Switzerland,26.9,17,5
2018-2019,Cyprus,24.925,18,4
2018-2019,Serbia,22.25,19,4
2018-2019,Scotland,22.125,20,4
2018-2019,Belarus,21.875,21,4
2018-2019,Sweden,20.9,22,4
2018-2019,Norway,20.2,23,4
2018-2019,Kazakhstan,19.25,24,4
2018-2019,Poland,19.25,25,4
2018-2019,Azerbaijan,19.0,26,4
2018-2019,Israel,18.625,27,4
2018-2019,Bulgaria,17.5,28,4
2018-2019,Romania,15.95,29,4
2018-2019,Slovakia,15.625,30,4
2018-2019,Slovenia,15.0,31,4
2018-2019,Liechtenstein,13.5,32,1
2018-2019,Hungary,10.5,33,4
2018-2019,North Macedonia,8.0,34,4
2018-2019,Moldova,7.75,35,4
2018-2019,Albania,7.5,36,4
2018-2019,Ireland,7.45,37,4
2018-2019,Finland,7.275,38,4
2018-2019,Iceland,7.25,39,4
2018-2019,Bosnia-Herzegovina,7.125,40,4
2018-2019,Lithuania,6.75,41,4
2018-2019,Latvia,5.625,42,4
2018-2019,Luxembourg,5.5,43,4
2018-2019,Armenia,5.25,44,4
2018-2019,Malta,5.125,45,4
2018-2019,Estonia,5.0,46,4
2018-2019,Georgia,4.75,47,4
2018-2019,Wales,4.125,48,4
2018-2019,Montenegro,4.125,49,4
2018-2019,Faroe Islands,4.0,50,4
2018-2019,Gibraltar,4.0,51,3
2018-2019,Northern Ireland,3.875,52,4
2018-2019,Kosovo,2.5,53,2
2018-2019,Andorra,1.831,54,3
2018-2019,San Marino,0.666,55,3
2019-2020,Spain,102.283,1,7
2019-2020,England,90.462,2,7
2019-2020,Germany,74.784,3,7
2019-2020,Italy,70.653,4,7
2019-2020,France,59.248,5,6
2019-2020,Portugal,49.449,6,5
2019-2020,Russia,45.549,7,6
2019-2020,Belgium,37.9,8,5
2019-2020,Ukraine,36.1,9,5
2019-2020,Netherlands,35.75,10,5
2019-2020,Türkiye,33.6,11,5
2019-2020,Austria,32.925,12,5
2019-2020,Denmark,29.25,13,4
2019-2020,Scotland,27.875,14,4
2019-2020,Czechia,27.3,15,5
2019-2020,Cyprus,26.75,16,4
2019-2020,Switzerland,26.4,17,5
2019-2020,Greece,26.3,18,5
2019-2020,Serbia,25.5,19,4
2019-2020,Croatia,24.875,20,4
2019-2020,Sweden,22.75,21,4
2019-2020,Norway,21.75,22,4
2019-2020,Israel,19.625,23,4
2019-2020,Kazakhstan,19.25,24,4
2019-2020,Belarus,18.875,25,4
2019-2020,Azerbaijan,18.75,26,4
2019-2020,Bulgaria,17.375,27,4
2019-2020,Romania,16.7,28,4
2019-2020,Poland,16.625,29,4
2019-2020,Slovakia,15.875,30,4
2019-2020,Liechtenstein,13.5,31,1
2019-2020,Slovenia,13.0,32,4
2019-2020,Hungary,12.875,33,4
2019-2020,Luxembourg,8.0,34,4
2019-2020,Lithuania,7.875,35,4
2019-2020,Armenia,7.625,36,4
2019-2020,Latvia,7.625,37,4
2019-2020,Albania,7.375,38,4
2019-2020,North Macedonia,7.375,39,4
2019-2020,Bosnia-Herzegovina,6.875,40,4
2019-2020,Moldova,6.75,41,4
2019-2020,Ireland,6.7,42,4
2019-2020,Finland,6.5,43,4
2019-2020,Georgia,5.75,44,4
2019-2020,Malta,5.75,45,4
2019-2020,Iceland,5.375,46,4
2019-2020,Wales,5.0,47,4
2019-2020,Northern Ireland,4.875,48,4
2019-2020,Gibraltar,4.75,49,3
2019-2020,Montenegro,4.375,50,4
2019-2020,Estonia,4.375,51,4
2019-2020,Kosovo,4.0,52,2
2019-2020,Faroe Islands,3.75,53,4
2019-2020,Andorra,2.831,54,3
2019-2020,San Marino,0.666,55,3
2020-2021,England,100.569,1,7
2020-2021,Spain,97.855,2,7
2020-2021,Italy,75.438,3,7
2020-2021,Germany,73.57,4,7
2020-2021,France,56.081,5,6
2020-2021,Portugal,48.549,6,5
2020-2021,Netherlands,39.2,7,5
2020-2021,Russia,38.382,8,6
2020-2021,Belgium,36.5,9,5
2020-2021,Austria,35.825,10,5
2020-2021,Scotland,33.375,11,4
2020-2021,Ukraine,33.1,12,5
2020-2021,Türkiye,30.1,13,5
2020-2021,Denmark,27.875,14,4
2020-2021,Cyprus,27.75,15,4
2020-2021,Serbia,26.75,16,4
2020-2021,Czechia,26.6,17,5
2020-2021,Croatia,26.275,18,5
2020-2021,Switzerland,26.225,19,4
2020-2021,Greece,26.0,20,5
2020-2021,Israel,24.375,21,4
2020-2021,Norway,21.0,22,4
2020-2021,Sweden,20.5,23,4
2020-2021,Bulgaria,20.375,24,4
2020-2021,Romania,18.2,25,4
2020-2021,Azerbaijan,16.875,26,4
2020-2021,Kazakhstan,15.625,27,4
2020-2021,Hungary,15.5,28,4
2020-2021,Belarus,15.25,29,4
2020-2021,Poland,15.125,30,4
2020-2021,Slovenia,14.25,31,4
2020-2021,Slovakia,13.625,32,4
2020-2021,Liechtenstein,9.0,33,1
2020-2021,Lithuania,8.75,34,4
2020-2021,Luxembourg,8.25,35,4
2020-2021,Bosnia-Herzegovina,8.0,36,4
2020-2021,Ireland,7.875,37,4
2020-2021,North Macedonia,7.625,38,4
2020-2021,Armenia,7.375,39,4
2020-2021,Latvia,7.375,40,4
2020-2021,Albania,7.25,41,4
2020-2021,Northern Ireland,6.958,42,3
2020-2021,Georgia,6.875,43,4
2020-2021,Finland,6.875,44,4
2020-2021,Moldova,6.875,45,4
2020-2021,Malta,6.375,46,4
2020-2021,Faroe Islands,6.125,47,4
2020-2021,Kosovo,5.833,48,3
2020-2021,Gibraltar,5.666,49,3
2020-2021,Montenegro,5.0,50,4
2020-2021,Wales,5.0,51,4
2020-2021,Iceland,4.875,52,4
2020-2021,Estonia,4.75,53,4
2020-2021,Andorra,3.331,54,3
2020-2021,San Marino,1.166,55,3
2021-2022,England,106.641,1,7
2021-2022,Spain,96.141,2,7
2021-2022,Italy,76.902,3,7
2021-2022,Germany,75.213,4,7
2021-2022,France,60.081,5,6
2021-2022,Portugal,53.382,6,6
2021-2022,Netherlands,49.3,7,5
2021-2022,Austria,38.85,8,5
2021-2022,Scotland,36.9,9,5
2021-2022,Russia,34.482,10,5
2021-2022,Serbia,33.375,11,4
2021-2022,Ukraine,31.8,12,5
2021-2022,Belgium,30.6,13,5
2021-2022,Switzerland,29.675,14,4
2021-2022,Greece,28.2,15,4
2021-2022,Czechia,27.8,16,5
2021-2022,Norway,27.25,17,4
2021-2022,Denmark,27.175,18,5
2021-2022,Croatia,27.15,19,4
2021-2022,Türkiye,27.1,20,5
2021-2022,Cyprus,26.375,21,4
2021-2022,Israel,24.375,22,4
2021-2022,Sweden,22.875,23,4
2021-2022,Bulgaria,19.5,24,4
2021-2022,Romania,17.15,25,4
2021-2022,Azerbaijan,17.0,26,4
2021-2022,Hungary,16.375,27,4
2021-2022,Poland,15.875,28,4
2021-2022,Kazakhstan,15.75,29,4
2021-2022,Slovakia,15.625,30,4
2021-2022,Slovenia,15.0,31,4
2021-2022,Belarus,12.5,32,4
2021-2022,Moldova,11.25,33,4
2021-2022,Lithuania,10.0,34,4
2021-2022,Bosnia-Herzegovina,9.125,35,4
2021-2022,Finland,8.875,36,4
2021-2022,Luxembourg,8.75,37,4
2021-2022,Latvia,8.625,38,4
2021-2022,Kosovo,8.166,39,3
2021-2022,Ireland,8.125,40,4
2021-2022,Armenia,8.125,41,4
2021-2022,Northern Ireland,8.083,42,4
2021-2022,Albania,8.0,43,4
2021-2022,Faroe Islands,7.25,44,3
2021-2022,Estonia,7.041,45,3
2021-2022,Malta,7.0,46,4
2021-2022,Georgia,7.0,47,4
2021-2022,North Macedonia,7.0,48,4
2021-2022,Liechtenstein,6.5,49,1
2021-2022,Wales,5.5,50,4
2021-2022,Gibraltar,5.416,51,4
2021-2022,Iceland,5.375,52,4
2021-2022,Montenegro,4.875,53,4
2021-2022,Andorra,4.665,54,3
2021-2022,San Marino,1.332,55,3
2022-2023,England,109.57,1,7
2022-2023,Spain,92.998,2,7
2022-2023,Germany,82.481,3,8
2022-2023,Italy,81.926,4,7
2022-2023,France,61.164,5,6
2022-2023,Netherlands,59.9,6,5
2022-2023,Portugal,56.216,7,6
2022-2023,Belgium,42.2,8,5
2022-2023,Scotland,36.4,9,5
2022-2023,Austria,34.0,10,5
2022-2023,Serbia,32.375,11,4
2022-2023,Türkiye,32.1,12,5
2022-2023,Switzerland,31.675,13,4
2022-2023,Ukraine,29.5,14,5
2022-2023,Czechia,29.05,15,4
2022-2023,Norway,29.0,16,4
2022-2023,Denmark,27.825,17,5
2022-2023,Russia,26.215,18,0
2022-2023,Croatia,25.4,19,4
2022-2023,Greece,25.225,20,4
2022-2023,Israel,25.0,21,4
2022-2023,Cyprus,24.475,22,5
2022-2023,Sweden,23.75,23,4
2022-2023,Poland,20.75,24,4
2022-2023,Hungary,20.625,25,4
2022-2023,Romania,20.5,26,4
2022-2023,Bulgaria,20.0,27,4
2022-2023,Slovakia,19.75,28,4
2022-2023,Azerbaijan,16.625,29,4
2022-2023,Kazakhstan,12.625,30,4
2022-2023,Slovenia,12.5,31,4
2022-2023,Moldova,12.25,32,4
2022-2023,Kosovo,11.041,33,4
2022-2023,Liechtenstein,11.0,34,1
2022-2023,Latvia,10.625,35,4
2022-2023,Ireland,10.375,36,4
2022-2023,Finland,10.25,37,4
2022-2023,Lithuania,10.0,38,4
2022-2023,Armenia,9.875,39,4
2022-2023,Belarus,9.875,40,4
2022-2023,Bosnia-Herzegovina,9.75,41,4
2022-2023,Luxembourg,9.0,42,4
2022-2023,Faroe Islands,8.75,43,4
2022-2023,Northern Ireland,8.583,44,4
2022-2023,Malta,8.25,45,4
2022-2023,Georgia,8.0,46,4
2022-2023,Estonia,7.582,47,3
2022-2023,Iceland,7.25,48,3
2022-2023,Albania,6.25,49,4
2022-2023,Wales,6.166,50,3
2022-2023,Gibraltar,5.791,51,4
2022-2023,North Macedonia,5.5,52,4
2022-2023,Andorra,5.165,53,3
2022-2023,Montenegro,4.75,54,4
2022-2023,San Marino,1.999,55,3
2023-2024,England,104.303,1,8
2023-2024,Italy,90.284,2,7
2023-2024,Spain,89.489,3,8
2023-2024,Germany,86.624,4,7
2023-2024,France,66.831,5,6
2023-2024,Netherlands,61.3,6,5
2023-2024,Portugal,56.316,7,6
2023-2024,Belgium,48.8,8,5
2023-2024,Türkiye,38.6,9,4
2023-2024,Czechia,36.05,10,4
2023-2024,Scotland,36.05,11,5
2023-2024,Switzerland,32.975,12,5
2023-2024,Austria,32.6,13,5
2023-2024,Norway,31.625,14,4
2023-2024,Greece,31.525,15,5
2023-2024,Denmark,31.45,16,4
2023-2024,Israel,31.125,17,4
2023-2024,Ukraine,28.0,18,5
2023-2024,Serbia,27.775,19,5
2023-2024,Croatia,25.525,20,4
2023-2024,Poland,25.375,21,4
2023-2024,Russia,22.965,22,0
2023-2024,Cyprus,22.1,23,4
2023-2024,Hungary,21.875,24,4
2023-2024,Sweden,21.5,25,4
2023-2024,Romania,21.375,26,4
2023-2024,Bulgaria,20.375,27,4
2023-2024,Azerbaijan,20.125,28,4
2023-2024,Slovakia,19.625,29,4
2023-2024,Slovenia,13.25,30,4
2023-2024,Moldova,13.125,31,4
2023-2024,Kosovo,11.541,32,4
2023-2024,Kazakhstan,11.5,33,4
2023-2024,Finland,11.125,34,4
2023-2024,Ireland,10.875,35,4
2023-2024,Armenia,10.625,36,4
2023-2024,Latvia,10.625,37,4
2023-2024,Faroe Islands,10.375,38,4
2023-2024,Bosnia-Herzegovina,10.0,39,4
2023-2024,Liechtenstein,10.0,40,1
2023-2024,Iceland,9.583,41,3
2023-2024,Northern Ireland,9.208,42,4
2023-2024,Luxembourg,8.625,43,4
2023-2024,Lithuania,8.5,44,4
2023-2024,Malta,8.25,45,4
2023-2024,Georgia,7.625,46,4
2023-2024,Albania,7.375,47,4
2023-2024,Estonia,7.207,48,4
2023-2024,Belarus,6.625,49,4
2023-2024,North Macedonia,6.0,50,4
2023-2024,Andorra,5.998,51,3
2023-2024,Wales,5.791,52,4
2023-2024,Montenegro,5.708,53,3
2023-2024,Gibraltar,4.957,54,3
2023-2024,San Marino,1.832,55,3
2024-2025,England,115.196,1,7
2024-2025,Italy,97.231,2,8
2024-2025,Spain,94.453,3,7
2024-2025,Germany,86.331,4,8
2024-2025,France,73.093,5,7
2024-2025,Netherlands,67.15,6,6
2024-2025,Portugal,62.266,7,5
2024-2025,Belgium,56.85,8,5
2024-2025,Czechia,44.1,9,5
2024-2025,Türkiye,43.9,10,5
2024-2025,Norway,39.687,11,4
2024-2025,Greece,39.312,12,4
2024-2025,Austria,36.45,13,5
2024-2025,Scotland,35.55,14,5
2024-2025,Poland,35.0,15,4
2024-2025,Denmark,33.981,16,4
2024-2025,Switzerland,33.625,17,5
2024-2025,Israel,31.625,18,4
2024-2025,Cyprus,27.537,19,4
2024-2025,Sweden,27.125,20,4
2024-2025,Croatia,27.025,21,4
2024-2025,Serbia,25.5,22,5
2024-2025,Ukraine,24.4,23,5
2024-2025,Hungary,24.0,24,4
2024-2025,Romania,23.25,25,4
2024-2025,Russia,22.632,26,0
2024-2025,Slovakia,21.25,27,4
2024-2025,Slovenia,20.343,28,4
2024-2025,Bulgaria,19.875,29,4
2024-2025,Azerbaijan,19.625,30,4
2024-2025,Ireland,14.968,31,4
2024-2025,Moldova,14.5,32,4
2024-2025,Iceland,13.52,33,4
2024-2025,Bosnia-Herzegovina,13.031,34,4
2024-2025,Armenia,12.25,35,4
2024-2025,Latvia,12.25,36,4
2024-2025,Kosovo,12.041,37,4
2024-2025,Finland,11.75,38,4
2024-2025,Kazakhstan,11.125,39,4
2024-2025,Faroe Islands,10.75,40,4
2024-2025,Malta,8.5,41,4
2024-2025,Northern Ireland,8.333,42,4
2024-2025,Lithuania,8.25,43,4
2024-2025,Liechtenstein,8.0,44,1
2024-2025,Estonia,7.957,45,4
2024-2025,Albania,7.875,46,4
2024-2025,Montenegro,7.208,47,3
2024-2025,Luxembourg,6.875,48,4
2024-2025,Wales,6.791,49,4
2024-2025,Georgia,6.625,50,4
2024-2025,North Macedonia,6.166,51,3
2024-2025,Belarus,6.0,52,4
2024-2025,Andorra,5.498,53,3
2024-2025,Gibraltar,5.457,54,3
2024-2025,San Marino,2.498,55,3
2025-2026,England,119.519,1,9
2025-2026,Italy,99.946,2,7
2025-2026,Spain,97.046,3,8
2025-2026,Germany,92.902,4,7
2025-2026,France,83.498,5,7
2025-2026,Portugal,73.166,6,5
2025-2026,Netherlands,67.929,7,6
2025-2026,Belgium,62.25,8,5
2025-2026,Türkiye,51.875,9,5
2025-2026,Czechia,48.525,10,5
2025-2026,Greece,48.412,11,5
2025-2026,Poland,46.75,12,4
2025-2026,Denmark,42.106,13,4
2025-2026,Norway,41.237,14,5
2025-2026,Cyprus,35.693,15,4
2025-2026,Switzerland,34.7,16,5
2025-2026,Austria,33.85,17,5
2025-2026,Scotland,32.05,18,5
2025-2026,Sweden,29.625,19,4
2025-2026,Croatia,28.156,20,4
2025-2026,Israel,27.5,21,4
2025-2026,Hungary,27.187,22,4
2025-2026,Ukraine,25.912,23,4
2025-2026,Serbia,25.75,24,4
2025-2026,Romania,25.25,25,4
2025-2026,Slovenia,24.468,26,4
2025-2026,Azerbaijan,22.937,27,4
2025-2026,Russia,22.632,28,0
2025-2026,Slovakia,22.375,29,4
2025-2026,Bulgaria,21.062,30,4
2025-2026,Ireland,17.343,31,4
2025-2026,Iceland,16.52,32,4
2025-2026,Armenia,15.062,33,4
2025-2026,Moldova,14.625,34,4
2025-2026,Finland,14.0,35,4
2025-2026,Kosovo,13.989,36,4
2025-2026,Kazakhstan,13.75,37,4
2025-2026,Bosnia-Herzegovina,13.718,38,4
2025-2026,Latvia,12.875,39,4
2025-2026,Faroe Islands,9.75,40,4
2025-2026,Malta,9.0,41,4
2025-2026,Liechtenstein,8.5,42,1
2025-2026,Estonia,8.207,43,4
2025-2026,Albania,8.125,44,4
2025-2026,North Macedonia,7.759,45,4
2025-2026,Lithuania,7.75,46,4
2025-2026,Northern Ireland,7.25,47,4
2025-2026,Gibraltar,7.124,48,3
2025-2026,Andorra,6.832,49,3
2025-2026,Belarus,6.625,50,4
2025-2026,Luxembourg,6.625,51,4
2025-2026,Montenegro,6.583,52,3
2025-2026,Georgia,6.0,53,4
2025-2026,Wales,5.624,54,3
2025-2026,San Marino,2.831,55,3
